customer_id,f_name,l_name,state,address
1,Jennifer,Jones,North Carolina,"02415 Leblanc Overpass, North Dawn, 14003"
2,William,Harris,Kentucky,"5311 Brandy Mountains, Howellmouth, 62811"
3,Nathan,Jones,Tennessee,"200 Robinson Curve Suite 515, Delacruzmouth, 56959"
4,Jenna,Everett,Montana,"2718 Berry Canyon, Kathleenville, 62116"
5,Mark,Nelson,Rhode Island,"0736 Valerie Roads, Ericton, 22887"
6,Destiny,Arias,Indiana,"25345 Brady Ford Apt. 062, Frazierport, 48572"
7,Jennifer,Rice,Alaska,"92095 Kristen Mill, New Brian, 21819"
8,Howard,Rodriguez,New Mexico,"97339 Tonya Pike Apt. 305, Lindafort, 60841"
9,Steven,Mccarthy,South Dakota,"4389 Leblanc Lake Apt. 280, East Kelly, 41102"
10,Cindy,Rodriguez,Georgia,"5993 Vasquez Station, South Miguel, 88755"
11,Joseph,Newman,New Hampshire,"7647 Smith Forest, West Kimberlyton, 20405"
12,Jessica,Norton,Oklahoma,"16645 Traci Circle Suite 919, Margaretside, 99385"
13,Ebony,Martinez,Oregon,"57180 Williams Brook Apt. 283, Lake Danielview, 84448"
14,Michael,Graham,Georgia,"939 Tyler Canyon Suite 216, North Gregory, 57533"
15,Tyler,Hebert,Montana,"355 Adams Haven Apt. 349, Schwartzport, 99261"
16,Katherine,Hall,Georgia,"507 Samantha Trace, New Christine, 64109"
17,Deborah,Smith,Wyoming,"3705 Pearson Summit Suite 132, West Courtney, 43947"
18,Kenneth,King,Arizona,"51841 Caleb Via, Waltersstad, 03397"
19,Kathleen,Johnson,Oklahoma,"21779 Stephen Extensions Suite 787, North Diana, 95015"
20,Christopher,Mcclain,Vermont,"8294 John Terrace, Port Jamesstad, 92004"
21,Rhonda,Pratt,Indiana,"15095 Maldonado Estates, Port Anthonyborough, 62001"
22,Joan,Thomas,Minnesota,"085 Martinez Squares Apt. 412, Josephview, 07513"
23,Kyle,Curtis,Rhode Island,"770 Andre Highway, Hannatown, 87839"
24,Michael,Barker,Arizona,"132 Campbell Spurs Suite 426, Carrollburgh, 24487"
25,Tyler,Colon,New York,"32568 Madison Burgs Suite 215, Port Devinside, 78582"
26,Margaret,Lindsey,Iowa,"652 Tina Ramp Apt. 146, Lake Marioland, 30814"
27,Katrina,Price,South Carolina,"41291 Tiffany Ville Apt. 077, Vanessatown, 43888"
28,Tammy,Mullins,New Hampshire,"59108 Kimberly Brook, Woodstad, 98970"
29,Lauren,Smith,Kentucky,"1202 Tara Squares Suite 436, Mortonborough, 56726"
30,Nicole,Rodriguez,Michigan,"0433 Eric Lane Suite 383, Conradfurt, 63040"
31,Annette,Frye,Pennsylvania,"27525 Lin Loaf, Saundersburgh, 56607"
32,Deborah,Benson,Maryland,"57784 Diana Vista, East Cristian, 04444"
33,Vicki,Rogers,Kentucky,"299 James Port, North Kellyburgh, 96201"
34,Brandon,Johnson,Connecticut,"72314 Benjamin Loop, Norrisstad, 44528"
35,William,Perkins,Delaware,"433 Stevenson Wells Apt. 803, Lake Elizabeth, 34839"
36,Christopher,Simmons,Washington,"934 Moore Tunnel Suite 693, Port Tylershire, 19446"
37,Megan,Young,Michigan,"716 Randolph Lane Suite 229, Weaverberg, 37175"
38,Kristy,Reilly,Massachusetts,"7086 Sherman Road Apt. 034, Lake John, 79477"
39,Charles,Delgado,Alaska,"18214 Ramirez Path, South Stevenberg, 69988"
40,Deborah,Payne,New York,"20067 Patterson Shoals, Tylerton, 60626"
41,Victor,Johnston,Alaska,"19667 Carpenter Islands Apt. 424, Lake Eric, 64765"
42,Lauren,Dunn,Indiana,"689 Justin Throughway, South Erica, 26200"
43,Kristen,Garcia,North Carolina,"0507 Reed Track, Jamiechester, 85982"
44,Christopher,Brown,Arizona,"5164 Vaughn Stravenue Suite 149, Antonioburgh, 55360"
45,Megan,Ball,Illinois,"67199 Harris Wells Suite 008, Wernerfort, 76993"
46,Kyle,Pierce,North Dakota,"25348 Lane Row Apt. 200, Figueroatown, 16078"
47,Brandon,Kennedy,Wyoming,"4940 Castillo Islands Suite 532, Ashleyville, 56052"
48,Tony,Scott,Minnesota,"8713 Patrick Station, Sandraville, 88127"
49,Jessica,Peterson,West Virginia,"12818 Franklin Burgs, Moralesfurt, 06489"
50,Steven,Morris,West Virginia,"27936 Eric River, Latashaville, 22751"
51,Ann,Giles,Michigan,"591 Henry Alley Apt. 008, Coopermouth, 89414"
52,Alexandria,Wells,Oklahoma,"488 Joshua Mill, New Frankchester, 48707"
53,Alfred,Scott,Alaska,"8155 Newton Heights, West Garyborough, 11291"
54,Stephen,Moore,Washington,"5044 Daniel Trace, New Brianville, 80258"
55,William,Tyler,Missouri,"1960 Macias Parkways Apt. 445, Jonesmouth, 42589"
56,Adrienne,Roach,Montana,"6897 Lee Gateway Apt. 750, West Annaside, 89889"
57,Nicholas,Hamilton,Montana,"498 Johnson Square Apt. 537, New Lisaborough, 93210"
58,Charles,Vasquez,Minnesota,"799 Spencer Estate, Mooretown, 82705"
59,David,Castillo,Alaska,"9372 Jody Tunnel Suite 133, Antonioville, 62497"
60,Tyrone,Taylor,Arkansas,"82856 Amanda Springs Suite 121, Danielleton, 91457"
61,Bradley,Dougherty,New Jersey,"30898 April Cliff, Davisland, 36778"
62,Lori,Sharp,New Mexico,"5897 Brian Trail Suite 655, Lisabury, 31051"
63,Nicole,Hill,Missouri,"755 Harris Street Suite 714, Lake Devon, 73077"
64,Justin,Calderon,Nevada,"426 Wiggins Courts, Lake Tasha, 39172"
65,Jonathan,Dawson,North Carolina,"273 Karen Skyway, Kathleenland, 09678"
66,Audrey,Smith,Missouri,"993 Wilson Valley, Port Tonya, 54739"
67,Ashley,Bauer,Louisiana,"248 Jensen Rapid Suite 732, Mooretown, 93639"
68,Kevin,Barrett,Maryland,"23891 Ellison Oval Suite 301, Williamshaven, 61320"
69,Caitlin,Martin,Alaska,"398 Stacy Coves Apt. 708, South Coryfurt, 28501"
70,Alexandra,Acosta,Iowa,"568 Gomez Run Suite 509, East Terrence, 77839"
71,Kirk,Nelson,Virginia,"52997 Ana Flats, Christinafurt, 44259"
72,Jimmy,Gonzalez,Massachusetts,"320 Mary Dam, North Sean, 21476"
73,Connie,Hall,Nevada,"55030 Jeffrey Passage, New Billyside, 05547"
74,Jeffrey,Morris,South Carolina,"51611 Richard Center, East Kristine, 20156"
75,Jessica,Dickerson,Idaho,"612 Michael Shore, East Nicole, 39578"
76,Diana,Phillips,Missouri,"9347 Mary Flat Apt. 085, Richardburgh, 66894"
77,David,Bryant,Maine,"8376 Cooper Squares, Kristinafurt, 57247"
78,Natalie,Carter,Oklahoma,"81761 Knight Light, Martinhaven, 31094"
79,Savannah,Reyes,Maine,"28608 Ortiz Orchard Apt. 187, Powellfort, 72602"
80,Taylor,Serrano,Minnesota,"230 Phillip Locks, Lake Davidburgh, 18427"
81,Julia,Stein,Utah,"99599 Hamilton Key Suite 758, Dannyhaven, 05399"
82,Madison,Reese,Oregon,"6265 Janice Lodge, West Julia, 83402"
83,Jennifer,Perez,Arizona,"6730 Jackie Rapid Suite 647, Maryview, 04722"
84,Brian,Casey,Alaska,"5384 Erik Camp Suite 829, Gilbertview, 60123"
85,Troy,Ortiz,Louisiana,"7251 Andrew Mills, Faulknerville, 06435"
86,Tara,Massey,Nevada,"53438 Randall Crest, Singhbury, 22850"
87,Ronald,Wilson,Idaho,"5211 Hartman Stravenue, Nancyshire, 69241"
88,Jessica,Cantu,Wyoming,"24576 Smith Corners, South Anthony, 05077"
89,Mary,Vargas,Iowa,"62271 Medina Run Suite 365, South Amy, 76574"
90,Cindy,Walsh,South Carolina,"47602 William Unions Apt. 808, East Melissamouth, 31424"
91,Amy,Alvarado,Louisiana,"9355 Christine Village Suite 301, South Jameschester, 75238"
92,Derrick,Kelley,Maryland,"81504 Bentley Passage, West Ericshire, 70281"
93,Kimberly,Bruce,Ohio,"636 Lynch Views, Josephstad, 66603"
94,Joe,Hansen,Mississippi,"608 Bishop Key, West Coleborough, 22506"
95,Jamie,Ferguson,Texas,"4528 Crystal Pines, North Kimberlyborough, 89631"
96,Gabriel,Watkins,Georgia,"61111 Glass Loop Suite 914, West Deannaberg, 13385"
97,Bonnie,Perez,Wyoming,"5875 Miller Ranch Apt. 251, South Ashleeland, 43394"
98,Patricia,Ryan,Louisiana,"757 Walter Forks Apt. 910, Martinfurt, 39567"
99,Anna,Rich,Alaska,"83054 Bond Avenue, Pattersonside, 82491"
100,Dustin,Braun,Michigan,"615 Johnson Walk, Port Robert, 87149"
101,David,Richmond,Arizona,"6793 Jennifer Lake, Scottmouth, 68540"
102,Phillip,Perkins,Minnesota,"1955 Rodney Brook, North Amberburgh, 85427"
103,Emily,Leach,Texas,"660 William Lakes, West Monique, 21176"
104,Stephen,Shea,Nebraska,"919 Jennifer Prairie, East Jillianberg, 18097"
105,Alexander,Pham,New York,"9996 Calderon Highway, Catherineland, 87000"
106,Paul,Hoffman,Arkansas,"6117 Calderon Freeway, West Shellymouth, 26974"
107,James,Hickman,Pennsylvania,"7314 Roger Lodge, West Meghanside, 84145"
108,Alison,Anderson,Louisiana,"151 Paul Neck, Christopherton, 16996"
109,Joshua,Watkins,Delaware,"277 Hoover Forge Suite 173, South Zachary, 70097"
110,David,Santiago,Massachusetts,"6732 Kelsey Mountains, South Alexandrafort, 21743"
111,Mario,Cooper,Texas,"2061 John Manors Apt. 337, Joneston, 80818"
112,Melissa,Rodgers,Illinois,"554 James Mountains, North Joeltown, 95022"
113,Adam,Hodges,Alabama,"5562 Rice Keys Apt. 236, Toddfort, 25982"
114,April,Serrano,Iowa,"4338 Jason Dam, New Danielleville, 52850"
115,Tricia,Shah,Utah,"928 Melinda Summit, Port John, 73846"
116,Nathan,Chung,Florida,"1914 Cole Pines Suite 950, Alexandershire, 97676"
117,Trevor,Mueller,Oklahoma,"14447 Frank Point Suite 332, Lake Christine, 92560"
118,Melvin,Yang,Kentucky,"57003 Stacey Expressway Suite 818, North Jose, 46235"
119,Alan,Knox,Rhode Island,"891 Herrera Pines Suite 783, New Benjaminberg, 99591"
120,Zachary,Patel,Nebraska,"37696 Joseph Grove, North Joshua, 98683"
121,Curtis,Duke,Maine,"939 Hughes Route Suite 464, Port Kennethburgh, 15815"
122,Janice,Walker,Vermont,"9837 Dana Brooks, Nguyenmouth, 16931"
123,Gary,Hodge,New Jersey,"57971 Alicia Plain Apt. 570, West Sandraport, 11112"
124,Elizabeth,Smith,Michigan,"4253 Tran Mountains Apt. 634, Shermanshire, 68421"
125,Mark,Grant,New Mexico,"093 Erika Landing Suite 371, Gabrielbury, 81524"
126,Patrick,Lewis,California,"90099 Mccann Locks Suite 287, West Codytown, 18611"
127,Andrew,Floyd,Hawaii,"69176 Melissa Overpass Suite 715, Patriciamouth, 78997"
128,Thomas,Andrews,New Mexico,"3838 King Groves Suite 782, North Lisa, 24314"
129,Christina,Macias,Colorado,"15313 Heather Lake Suite 092, West Eric, 33707"
130,Jeffrey,Evans,Delaware,"2179 Andrew Path, Michelleshire, 49669"
131,Stacie,White,Maine,"39479 Scott Crossing, South Katherine, 75369"
132,Katherine,Neal,New Mexico,"3999 Tyler Ramp, Gallagherhaven, 11802"
133,Matthew,Green,Louisiana,"34726 Jennifer Keys, Katiestad, 47614"
134,David,Brewer,Rhode Island,"88396 Angela Village Suite 747, East Jamesport, 59443"
135,Brittany,Allen,Texas,"60380 Long Bypass Apt. 885, Petersmouth, 19403"
136,Roy,Cole,North Dakota,"239 Beverly Turnpike Suite 520, Port Abigailview, 67429"
137,Jasmine,Santana,Georgia,"0484 Susan Knolls, Charlenefort, 66832"
138,Jeffrey,Moore,Tennessee,"042 Jose Center Suite 705, South Deborahview, 65679"
139,Nicole,Williams,New Jersey,"6000 Townsend Center, New Sergio, 24534"
140,Timothy,Wilson,Connecticut,"3397 David Well Apt. 469, Gabrielport, 04780"
141,Mary,Hogan,Maine,"8006 Jason Ville, South Daniellemouth, 90667"
142,Karen,Garcia,North Carolina,"47208 Alexandra Locks, Brianchester, 71442"
143,Michelle,Taylor,Alaska,"145 Graham Spurs, Knightport, 76857"
144,Leah,Turner,Rhode Island,"7572 Samuel Squares Suite 061, East Kathryn, 64603"
145,Joshua,Long,Washington,"6262 Howell Unions, Anthonyshire, 67162"
146,Adam,Sawyer,Pennsylvania,"915 Stewart Flats, Zacharymouth, 77955"
147,Mariah,Pham,Montana,"2849 Sharon River Apt. 271, West Leahburgh, 50533"
148,Caroline,Jordan,Illinois,"03404 Antonio Mountains Apt. 955, West Rachel, 20036"
149,Kelly,Reid,Nebraska,"55738 Jason Divide, Jasminemouth, 11203"
150,Anna,Pierce,Arizona,"63430 Sarah Brook, North Dana, 76982"
151,Kristina,Gardner,West Virginia,"3570 Erica Lakes, West Deborah, 50497"
152,Samantha,Larsen,Florida,"290 Anthony Summit, East Donaldmouth, 61877"
153,Rachel,Wilson,Mississippi,"25993 Bobby Club Suite 451, East Benjamin, 15571"
154,Phillip,Schroeder,Iowa,"135 Patricia Circle, Donnaview, 76539"
155,Christopher,Howard,Ohio,"1433 Katie Estates, North Veronicaport, 54757"
156,Ashley,Allen,New Mexico,"6214 Wright Cape, Port Heatherton, 28554"
157,Jessica,Rosales,New York,"8677 Rowe Stream Apt. 780, West Jill, 40657"
158,Grant,Schwartz,Arizona,"447 Garcia Valleys, West Sarah, 56035"
159,Robin,Meyer,Alaska,"8960 Henry Estate Apt. 144, Rhodesborough, 85680"
160,John,Torres,Rhode Island,"509 Megan Lane Suite 633, Jameschester, 70519"
161,Marcus,Palmer,Texas,"4209 Paul Loaf, Tamarashire, 65806"
162,Joyce,Wells,Arizona,"245 Jill Circle, East Williestad, 28912"
163,Benjamin,Villarreal,Washington,"99901 Rick Lights Suite 521, South Cherylton, 79113"
164,Deanna,Bennett,Kentucky,"20221 Ortiz Camp Apt. 196, Boothburgh, 14673"
165,Ryan,Santiago,New Jersey,"0932 Price Light, West Madisonmouth, 39731"
166,Sarah,Robinson,Arizona,"8313 Alexander Highway Apt. 849, Port Michellefurt, 16690"
167,Ronald,Smith,Wyoming,"611 Hughes Ports, Anthonyburgh, 16739"
168,Kevin,Bowman,West Virginia,"0282 Laura Shoal, Port Brandon, 69835"
169,Michael,Peters,West Virginia,"424 Isabella Hollow Suite 886, North Arthur, 14403"
170,Kenneth,Banks,Oklahoma,"40307 Heath Throughway Apt. 461, Jamesfort, 63187"
171,Aaron,Wagner,South Dakota,"11745 Nathan Track Suite 487, Port Antoniobury, 04318"
172,Eddie,Hodge,South Carolina,"389 Brown Shoals, Brandonville, 16887"
173,Kristen,Mcbride,Maine,"73294 Huber Rapid, South Bradymouth, 47701"
174,James,Phillips,Rhode Island,"7308 Audrey Bypass, East Ricky, 33633"
175,Megan,Garcia,Louisiana,"56395 Smith Plains Suite 669, South Diana, 30065"
176,Adam,Levine,Pennsylvania,"739 Thomas Station Apt. 039, North Christopher, 28412"
177,James,Duran,Alaska,"6611 Alexander Overpass, Port Teresa, 44115"
178,Adam,Cervantes,Virginia,"9169 Julie Causeway, East Louischester, 67653"
179,Kimberly,Sanchez,New York,"11828 Melissa Fords, Stevenstad, 05097"
180,Stephen,Garcia,New Mexico,"9701 Andrew Course, Abigailport, 43563"
181,Guy,Stanley,Oklahoma,"991 Miranda Loaf, Williamsfort, 03359"
182,Donna,Morgan,Michigan,"824 Whitney Tunnel, Port Rachaelfurt, 86809"
183,William,Adams,Maine,"44014 Sarah Track, Lake Katherine, 72744"
184,Maria,Murphy,California,"6636 Mary Field, South Kellychester, 77237"
185,Jason,Woods,Alabama,"541 Frederick Well, North Adamport, 42823"
186,Rebecca,Brown,Georgia,"0449 Clark Parkways, North Nicole, 55980"
187,Sean,Vance,Montana,"86714 Amanda Trace Apt. 767, Austinberg, 74854"
188,Crystal,Williams,Massachusetts,"536 Elliott Prairie Apt. 055, Douglasmouth, 45682"
189,Aaron,Davis,Texas,"54346 Cheryl Lake Apt. 298, Haasside, 43864"
190,Joy,Ward,Georgia,"55690 James Canyon Suite 286, North Anthony, 70621"
191,Alexandra,Joseph,Illinois,"5571 Castro Springs, South April, 42740"
192,Joy,Morgan,Kansas,"034 Shannon Village, Ariasport, 27086"
193,Erika,Khan,Arizona,"1094 Stephen Pike, Lake Jenniferchester, 73837"
194,Gerald,Carey,Illinois,"1346 Alice Camp Suite 660, Bellton, 06323"
195,Eric,Gibson,Maryland,"2116 Lindsay Parkway, West Anthonyburgh, 01518"
196,Kristy,Maynard,West Virginia,"6604 Kathleen Spur Suite 932, Port Carol, 31982"
197,Gerald,Anderson,Montana,"96002 Jason Station Apt. 075, East Megan, 61614"
198,Cheryl,Romero,Virginia,"2709 Schultz Meadows, Andrewstad, 65928"
199,David,Sawyer,Alaska,"55028 Williams Mountains Apt. 770, Lake Rhondastad, 72558"
200,Brian,Russell,Delaware,"4147 Henry Field, North Connor, 34643"
201,Tara,Ellis,Vermont,"893 Thomas Motorway, Aliciafort, 85450"
202,Jesse,Olsen,Texas,"4587 Huerta Underpass, Patelhaven, 39604"
203,Darren,Robertson,Utah,"4052 Dennis Road, Port Nicholas, 29935"
204,Lawrence,Harris,Alaska,"5369 Jones Summit Suite 449, Jacobsburgh, 05618"
205,Natasha,Moore,Kansas,"635 Deanna Locks Apt. 862, East Phyllisville, 07458"
206,Barbara,Singleton,Virginia,"753 Christopher Trail, Lake Stevenbury, 01939"
207,Susan,Jenkins,New Mexico,"826 Nathan Ford, East Johnfort, 33924"
208,Gregory,Hardy,Illinois,"5698 Rhonda Fall Suite 156, Port Carlchester, 85704"
209,William,Nichols,Wisconsin,"72206 Cooper Well, Perryland, 62807"
210,Anthony,Young,Colorado,"360 Jessica Village, West Ashleyberg, 76802"
211,Miranda,Ho,Kansas,"7882 Paul Mount Apt. 035, Lambport, 32648"
212,Bobby,Sanchez,Arkansas,"839 Rivers Station, Williamsshire, 52633"
213,Dwayne,Nguyen,Washington,"7448 James Spurs Apt. 468, Curtisbury, 17747"
214,Lisa,Mcdonald,Indiana,"87561 Shawn Plain Suite 857, Hensleyshire, 14750"
215,Amy,Wilkerson,Ohio,"53474 Robert Drives, West Julieview, 78730"
216,Derek,Graves,Massachusetts,"3284 Hansen Extensions Apt. 971, West Bryanstad, 32156"
217,John,Carrillo,North Carolina,"000 Anna Bridge, New Michaelfurt, 85427"
218,Ryan,Dawson,Louisiana,"3095 Roth Springs, Curtisstad, 58529"
219,James,Herring,Wyoming,"9896 Rose Fall, South Amy, 68916"
220,Jennifer,Bell,New Mexico,"674 Buchanan Ville Apt. 513, Wilkersonland, 26772"
221,Jennifer,Castillo,Nebraska,"070 Darren Hill Apt. 733, Delgadoburgh, 57180"
222,Tanner,Khan,Arkansas,"3384 Nelson Extensions Suite 232, Kellytown, 99399"
223,Jeffrey,Stone,Wisconsin,"849 Carter Spur, New Davidshire, 89174"
224,Walter,Johnson,Alabama,"03750 Dakota Corner Apt. 919, Russoberg, 85994"
225,Brianna,Hall,Tennessee,"1590 White Street Apt. 857, Lewisberg, 45170"
226,Joshua,Thompson,Utah,"838 Miller Drive Suite 082, Johnsonstad, 49255"
227,Emma,Ford,New Hampshire,"82788 Mayer Gateway Suite 606, North Sheila, 19035"
228,Rhonda,Morton,Tennessee,"129 Davis Track Suite 725, Kevinview, 81969"
229,Thomas,Robinson,South Dakota,"31969 Lucas Freeway Apt. 961, Blevinsfurt, 35777"
230,Tara,Garcia,North Carolina,"16490 Kent Mountain, Silvastad, 56141"
231,Joseph,Hartman,Utah,"58303 Benjamin Forges Suite 945, Danielbury, 96305"
232,Matthew,Novak,Ohio,"3479 Gregory Wells, South Jonathan, 69183"
233,Chase,Hernandez,Tennessee,"264 Hubbard Skyway, East Kimberly, 27677"
234,Nicole,Davis,Arizona,"907 Douglas Mission, Port Dustin, 13529"
235,Michelle,Edwards,Minnesota,"019 Craig Crossroad Suite 992, Johnbury, 09048"
236,Alyssa,Turner,Montana,"360 Catherine Dale Apt. 492, North Adamstad, 76786"
237,Ashley,Jimenez,Colorado,"87602 Salazar Dam, Campbellport, 72247"
238,Angela,Thomas,New Mexico,"89023 Jones Junction, Robertachester, 70936"
239,Jason,Cabrera,Kansas,"2726 Wright Roads, Webbshire, 90900"
240,Randy,Morales,New York,"145 Roberta Loaf Apt. 140, Paulaview, 91982"
241,Aaron,Campbell,New Mexico,"23512 Anthony Via, Schmidtbury, 24044"
242,Olivia,Sanders,Oregon,"47014 Stevens Lights, North Ashley, 79219"
243,Tanner,Gallagher,Alaska,"0245 Davies Unions Apt. 159, Danielhaven, 30608"
244,Margaret,Roberts,California,"3415 Roberts Landing, Abigailberg, 62495"
245,Joseph,Howard,Maine,"074 Jeffrey Lights Apt. 304, Julieview, 44349"
246,Mariah,Mitchell,South Dakota,"7666 Murray Skyway, Santiagoland, 06887"
247,Valerie,Garrett,West Virginia,"9215 Carlos Rest, North Melissachester, 77134"
248,Jamie,Garcia,Alabama,"857 Heather Key Suite 305, Shawnstad, 33880"
249,Matthew,Clarke,Nevada,"772 Nelson Island Suite 072, Samanthafurt, 34564"
250,Roger,White,Wyoming,"55441 Welch Ferry Apt. 914, Nancyville, 17501"
251,Shannon,Miller,Delaware,"8950 Andrea Prairie Suite 913, Amandatown, 88847"
252,Shannon,Martin,Louisiana,"5121 Jennifer Pass, Lisaville, 19618"
253,Christopher,Page,Rhode Island,"09831 Lowe Bridge, Terryside, 29099"
254,Benjamin,Villanueva,Tennessee,"0500 Steven Row, New Erin, 48882"
255,Sandra,Torres,Indiana,"20560 King Cove, Michaelshire, 36239"
256,Samantha,Richards,Oregon,"4298 Dalton Unions, Foxchester, 17293"
257,Maria,Cross,Ohio,"149 Chambers Ramp Suite 953, North Taylor, 76196"
258,Johnathan,Cummings,Oregon,"51157 Ellis Junction Suite 977, Ashleyhaven, 51666"
259,Emma,Brown,Arkansas,"4724 Williams Forest, New Christopherview, 90211"
260,Todd,Barnes,Kansas,"708 Maria Walk Suite 904, Princeburgh, 56070"
261,Summer,Guerrero,Montana,"3052 Torres Mountain Apt. 664, Garnerburgh, 24549"
262,Charles,Dunn,South Dakota,"485 Campbell Squares, New Patrickton, 18048"
263,Renee,Mclaughlin,Utah,"414 Jamie Ford, South Melissahaven, 22476"
264,John,Fields,Massachusetts,"31681 Foster Terrace, Adamberg, 46643"
265,Tamara,Cohen,Florida,"971 Fisher Brooks Apt. 485, Wilsonside, 13101"
266,Dawn,Clark,Minnesota,"742 Serrano Forge Suite 022, Sarahmouth, 63483"
267,Courtney,Perkins,Alabama,"8796 Green Terrace, Copelandville, 01501"
268,Elizabeth,Mills,Wyoming,"8375 Garza Alley Apt. 288, Port Michaelborough, 56430"
269,Nancy,Robertson,Virginia,"107 Davis Route, Sandrahaven, 90170"
270,Amber,Boyd,Indiana,"915 Smith Wells, New Emily, 38800"
271,Kari,Mcdonald,Oklahoma,"734 Patricia Extensions, North Robert, 99334"
272,Adam,Mccarthy,Vermont,"61012 Oscar Burg Apt. 768, South Kristenside, 13251"
273,Brandon,Reynolds,Nevada,"42205 Wilson Key, South Joseph, 57041"
274,Tyler,Casey,Florida,"20221 Jones Underpass, Jamesberg, 74453"
275,Lindsay,Garza,Delaware,"754 Campbell Loop Apt. 170, Dunnborough, 04593"
276,Beth,Hart,Minnesota,"096 Eric Stream, Frazierland, 51171"
277,Kim,Wilson,Kentucky,"86109 Andrea Islands Apt. 333, Matthewville, 95119"
278,Martin,Rhodes,South Dakota,"697 David Inlet, Port Charlesview, 32000"
279,Mary,Anderson,New Mexico,"5364 David Street Apt. 661, Prattport, 25107"
280,Vincent,Reyes,Pennsylvania,"6385 Jaime Lights Apt. 453, North Nathan, 44728"
281,Kathryn,Johnson,New Jersey,"3304 Andrew Way Suite 689, East Jenniferburgh, 82777"
282,Carlos,Maddox,Minnesota,"2740 Waller Turnpike, Williamport, 52195"
283,Tracey,James,Maine,"57082 Berg Rapid Apt. 390, West Tabithachester, 98125"
284,John,Brown,Michigan,"47547 Walker Prairie, West Keith, 29666"
285,Dylan,Juarez,Connecticut,"22187 Carr Square Apt. 194, Clarkland, 60152"
286,Robert,Riley,Oklahoma,"0601 Jake Walks, Loriland, 41921"
287,Adrian,Wood,Maine,"9686 Jason Glens, Bakerland, 04205"
288,James,Martin,Washington,"807 King Club, West George, 26591"
289,Terrence,Fields,South Carolina,"7892 Robinson Fall Suite 497, Jonathanberg, 69066"
290,Adam,Moore,Pennsylvania,"48196 Johnson Path Apt. 285, Brandonton, 36958"
291,Shane,Gross,Oregon,"52377 Gerald Locks Suite 028, Williamshire, 24655"
292,James,Alexander,Wisconsin,"574 Conner Hollow, Ambershire, 47538"
293,Mary,Salinas,Florida,"24196 Smith Tunnel, Hendersonborough, 70297"
294,Michael,Joseph,Nebraska,"134 Golden Crossroad Suite 534, Valdezstad, 78340"
295,Angela,Love,Montana,"75668 Matthew Ferry Apt. 962, North Lorettashire, 81750"
296,Gina,Liu,New York,"680 James Mission, New Anthony, 84463"
297,Sherri,Pierce,New Jersey,"289 Hall Alley Apt. 742, New Maria, 05973"
298,Danielle,Taylor,Minnesota,"2615 Estrada River, New Nicoleview, 15810"
299,Kevin,Henderson,South Carolina,"8050 Arnold Meadow, Millerstad, 90315"
300,Tyler,Molina,Delaware,"73320 John Field, Alexanderhaven, 53562"
301,Raymond,Hammond,Illinois,"89124 Weber Place Suite 058, Coxberg, 39210"
302,Rebecca,Garcia,New Mexico,"8769 Peggy Motorway, New Karenport, 10940"
303,Alex,Pennington,Wyoming,"18293 Sandra Green Apt. 929, Paulmouth, 33542"
304,Amanda,Flores,Indiana,"83651 Sarah Way Suite 113, East Thomas, 77366"
305,Ryan,Harding,Maryland,"0617 Kathy Greens Suite 243, West Jasminetown, 07866"
306,Kim,Mendez,Alabama,"6864 Cathy Vista, Davischester, 99900"
307,Michael,Johnson,Nebraska,"452 Harris Drive Apt. 115, Nicholsonbury, 14952"
308,Amanda,Collins,Montana,"10360 Kyle Terrace, Rogerburgh, 17348"
309,Alexander,Butler,Montana,"2293 Justin Mission Apt. 262, New Andrewfort, 67112"
310,John,Stone,South Carolina,"4236 Kimberly Common, Lake Alexis, 55071"
311,Amanda,Nelson,New York,"1365 Rachel Islands Suite 827, Steinfurt, 48567"
312,Amanda,Hunter,Maryland,"98472 Mary Plains Suite 175, Danielmouth, 25881"
313,Crystal,Hale,Ohio,"6431 Murray Roads, Ryanbury, 48807"
314,Peter,Jackson,Illinois,"84199 Simon Shores, Ramosport, 21065"
315,Rebecca,Harris,Michigan,"063 Garza Plaza, North Davidhaven, 59988"
316,Ronnie,Rodriguez,Illinois,"03443 Howard Dale, West Beverly, 63730"
317,Kayla,Thompson,Kentucky,"23501 Erickson Tunnel Suite 027, Christopherburgh, 34316"
318,Michelle,Palmer,Louisiana,"559 Long Prairie Apt. 814, Lake Deborahfurt, 62088"
319,Scott,Frederick,Hawaii,"22937 Michael Club Apt. 977, Kaitlynside, 41175"
320,Sheri,Thompson,West Virginia,"706 Dawson Stream Apt. 802, West Nicolechester, 39531"
321,Peter,Rose,Delaware,"22672 Kimberly Valley Apt. 538, Howardshire, 34527"
322,Paul,Sosa,Delaware,"426 David Heights Apt. 587, Brownland, 22225"
323,John,Simon,West Virginia,"216 Sanchez Lights, Woodsmouth, 00946"
324,Gloria,Jones,Oklahoma,"996 Dean Fork Apt. 638, East Cynthia, 75736"
325,Omar,Ruiz,Kentucky,"698 Edwin Unions Suite 518, South Justinton, 65877"
326,Nicole,Mercado,Virginia,"49929 Cynthia Fort Apt. 134, Lake Amanda, 76471"
327,Eric,Perkins,Nebraska,"81868 Ho Knolls Apt. 413, North Ashleybury, 60683"
328,Kimberly,Jacobson,Illinois,"25129 Carl Port, East Carlbury, 36596"
329,Michael,Johnson,Maryland,"197 Larry Mountain, Ochoabury, 70806"
330,Amanda,Sandoval,Louisiana,"67026 Mayer Road, Waynechester, 57900"
331,Chad,Harvey,Wisconsin,"7978 Brian Lane, Perkinsburgh, 83601"
332,Beverly,Hood,Minnesota,"50622 Kyle Extension Apt. 177, New Aaron, 31362"
333,Jose,Harding,Virginia,"66071 Scott Plain, Sandratown, 30054"
334,Joe,Harrison,Indiana,"552 Matthew Forks Suite 671, Port Michael, 35612"
335,Steven,Johnson,New Jersey,"3273 Brown Garden, Lake Paulchester, 40054"
336,Xavier,Daniels,Connecticut,"36154 Joshua Fort, Oconnorhaven, 15271"
337,Timothy,Jones,New Hampshire,"14203 Amanda Trail Suite 669, New Elizabeth, 14304"
338,Joel,Williams,Mississippi,"9266 Justin Parkway Apt. 313, Karentown, 31645"
339,Robin,Clarke,Maine,"56968 Young Drive Apt. 313, South Victorchester, 12767"
340,Gregory,Owen,Alabama,"312 Rodriguez Streets, Leeland, 71952"
341,Cheryl,Petersen,Oklahoma,"380 Bailey Tunnel Apt. 209, Gonzalezport, 38747"
342,Jessica,Clarke,Oregon,"494 Justin Trace, Kimtown, 78132"
343,Raymond,Davidson,Nebraska,"7235 Davis Junction Suite 133, North Kevinburgh, 67365"
344,Holly,Clarke,Connecticut,"0721 Burnett Burgs, North Megan, 28463"
345,Jillian,Gibson,Kansas,"5021 Chapman Vista Apt. 908, Denisetown, 71285"
346,Amy,Montgomery,Montana,"5775 Joann Garden Apt. 587, South Christinamouth, 61098"
347,Laura,Morrison,New Hampshire,"40787 Hays Walk, Williambury, 64817"
348,Aaron,Mccann,West Virginia,"340 Harrison Haven, Johnhaven, 24666"
349,Dustin,Williams,Montana,"698 Mary Ville, South Benjamin, 06464"
350,Maria,Bautista,Oregon,"28786 Christina Forges Apt. 931, West Emily, 10909"
351,Todd,Knight,Massachusetts,"6714 Brenda Island, Brownton, 77983"
352,Margaret,Hampton,Louisiana,"1616 Vargas Drive, South Dianachester, 88145"
353,Jonathan,Goodman,Maine,"1304 Brooks Street Suite 251, Cranefurt, 04199"
354,Robert,Sloan,Arkansas,"66909 Vincent Neck Suite 396, Lake Jerry, 12696"
355,Clifford,Perkins,Connecticut,"6695 Sherry Summit, North Jameston, 79189"
356,Jordan,Martin,Michigan,"0898 Mccarthy Islands Apt. 545, North Melindastad, 12337"
357,Veronica,Ingram,Washington,"199 Munoz Manors Apt. 870, Anthonyton, 05499"
358,Stuart,Floyd,Nevada,"5513 Connor Flats, East Matthew, 21193"
359,Katie,Johnston,Pennsylvania,"12450 Lawson Club, Jackborough, 07303"
360,John,Juarez,Arkansas,"417 Peter Route, New Lisa, 94116"
361,Gregory,Fitzpatrick,Louisiana,"369 Kevin Terrace, Johnside, 88600"
362,Misty,Mills,New Mexico,"9397 Joseph Neck, Port Allen, 30484"
363,Brittany,Bates,Nebraska,"84582 Kathleen Turnpike, Smithburgh, 68814"
364,Misty,Sanchez,Texas,"24204 Dennis Mews, Andrewborough, 46825"
365,Kristy,Bailey,North Dakota,"82471 Lee Shores, Port Amy, 52517"
366,Linda,Brennan,Tennessee,"834 Robert Hills Apt. 309, North Brandon, 47946"
367,Ashley,Nichols,Colorado,"0688 Clark Village Apt. 576, East Jessicamouth, 29188"
368,Dana,Foster,Texas,"9072 Taylor Path, Lake Alyssa, 07951"
369,Laura,Parker,Illinois,"736 Guerrero Land, Port Denise, 96420"
370,Michael,Wheeler,South Dakota,"53983 Massey Spring Suite 978, North Robert, 73522"
371,Robert,Garcia,Tennessee,"61376 James Pines Apt. 057, North Samanthafort, 53127"
372,Mary,Morales,Maryland,"605 Pratt Mills Suite 366, Lake Amyborough, 12726"
373,Sean,Cruz,Nebraska,"48427 Nicholas Green Suite 310, Jenniferview, 11376"
374,Kaitlyn,Mccoy,Michigan,"79874 Jerry Overpass, South Vincent, 67808"
375,Ashley,Huffman,New Hampshire,"2432 David Street, Williamshaven, 35575"
376,Nicholas,Ford,Mississippi,"95063 Sims Knoll Suite 637, North Barbaratown, 47439"
377,Jennifer,Rodriguez,Iowa,"44986 Campbell Bypass, Lake Justin, 22488"
378,Charles,Davis,South Carolina,"81145 Timothy Parks, Port Randall, 87377"
379,Zachary,Perez,New Hampshire,"6535 Joseph Cape, Osbornehaven, 55994"
380,John,Collins,Utah,"38397 Jared Plain Apt. 318, East Marissamouth, 94456"
381,Patricia,George,Delaware,"65308 Tyler Run, Lake Chris, 66928"
382,James,Bush,Maryland,"500 Smith Mission Apt. 715, Mosleyfurt, 23621"
383,Michael,Barber,Virginia,"913 Avery Trail, Lake Amanda, 11339"
384,Heather,Evans,Michigan,"015 Ortiz Ways, Lake Larry, 68709"
385,Sean,Harris,New Hampshire,"5583 Crosby Lakes Apt. 285, Steventown, 34229"
386,Kevin,Hubbard,North Carolina,"79809 Cameron Valleys, East Markville, 67893"
387,Wanda,Warren,Virginia,"675 Brent Station Apt. 424, Zacharychester, 99261"
388,Colleen,Bennett,Vermont,"73478 Charles Courts, Stantonstad, 75052"
389,Gina,Armstrong,Indiana,"38787 Smith Creek Apt. 767, Codyport, 06092"
390,James,Anderson,Tennessee,"28052 William Grove Apt. 425, South Bradley, 58131"
391,Mark,Allen,Hawaii,"41735 Hall Avenue, West Sharonborough, 87787"
392,David,Ellis,North Carolina,"7204 Hunter Terrace Suite 526, Port Ritafort, 02104"
393,Michael,Hall,Arizona,"302 Kelly Mall, East Melissa, 94929"
394,Gregory,Avila,Kansas,"8943 Albert Corners Suite 427, Powellmouth, 59572"
395,Sydney,Richardson,New Hampshire,"73683 Andrew Center, Reedfurt, 26859"
396,Rebecca,Gonzalez,Wisconsin,"956 Susan Crescent, South Leonardville, 55702"
397,Kristin,Stevenson,Ohio,"34792 Hernandez Ways, New Jordan, 25921"
398,Bonnie,Carlson,Missouri,"0732 Perkins Walks Apt. 195, South Steven, 53752"
399,Allen,Cain,Connecticut,"00088 Melanie Island, Gomezfurt, 13040"
400,Donald,Jones,South Dakota,"176 Alexander Junction Suite 374, Sarahview, 25934"
401,Stephen,Garcia,Michigan,"17128 Willie Freeway, Waltermouth, 07202"
402,Susan,Cox,Oregon,"2725 Robert River Suite 500, Lake Cory, 01760"
403,Keith,Melton,South Dakota,"5139 Bobby Centers, Ashleyburgh, 47363"
404,Ryan,Nguyen,North Dakota,"63005 Ashley Squares, Gabrieltown, 71788"
405,Eric,Gill,New Hampshire,"196 Jeffrey Mountains, Port Alanburgh, 88078"
406,Lisa,Davis,Arkansas,"181 Reilly Burgs Apt. 741, South Priscilla, 40954"
407,Maria,Hayes,Iowa,"5014 Anderson Viaduct, Haydenshire, 26731"
408,Joel,Mooney,Ohio,"1408 Fields Mountain, Manningmouth, 98093"
409,Bill,Dunn,Oklahoma,"7444 Johnson Mountain, Brittanyshire, 94347"
410,Diane,Guzman,Mississippi,"71599 Hall Walk, Gainesmouth, 10689"
411,Dylan,Aguirre,Ohio,"79324 William Squares, Richardsonstad, 37256"
412,Steven,Munoz,Ohio,"282 Charles Shore, Washingtonshire, 86087"
413,Thomas,Kim,North Carolina,"545 Megan Fields, Pricebury, 13263"
414,Tamara,Vazquez,Iowa,"8807 Brown Row, Davidmouth, 45886"
415,John,Jackson,Pennsylvania,"46763 Evans Passage, East John, 67743"
416,Susan,Cross,Rhode Island,"629 Tara Divide Apt. 599, Nicholsonview, 76980"
417,Michelle,Carrillo,Minnesota,"318 Joseph Lakes Suite 543, North Sharon, 52282"
418,Nicole,Powers,Indiana,"34521 Charlene Canyon, Ronaldside, 85667"
419,Amanda,Prince,New Hampshire,"7261 Stephanie Bridge, Johnton, 75227"
420,Julia,Figueroa,Utah,"203 Kevin Fork, Jamesshire, 66220"
421,Nicholas,Baxter,Georgia,"9011 Joseph Ports Suite 197, East Davidtown, 00690"
422,James,Smith,Alabama,"71218 Amy Burg, East Meganmouth, 97401"
423,Stephanie,Everett,Iowa,"58422 Levy Hill Suite 976, New David, 94885"
424,Sonya,Potter,New Jersey,"1311 King Mills Apt. 776, Port Richard, 77623"
425,Kimberly,Koch,Mississippi,"5504 Oneal Ferry, North Rachael, 40537"
426,Carl,Chambers,South Carolina,"39102 Emily Expressway Suite 855, South Michele, 76134"
427,Heather,Weaver,North Dakota,"653 Christina Streets Suite 169, Port Charlesborough, 41161"
428,Sarah,Miller,Missouri,"6103 Fowler Plain Apt. 070, East Melanieberg, 80453"
429,Robert,Nichols,Wyoming,"1247 Stone Harbor, West Lori, 54541"
430,Zachary,Davis,Iowa,"52312 Christopher Extensions Apt. 685, Port Aliciaport, 31131"
431,Lauren,Bell,Oregon,"6030 Powers Centers Apt. 571, Jacobport, 87156"
432,Douglas,Brady,New Mexico,"110 Aaron Crest Suite 872, New Jennifershire, 56946"
433,Jason,Rodgers,Mississippi,"7412 Margaret Mission Apt. 907, South Allisonton, 07804"
434,Eric,Chapman,New Mexico,"61452 Amanda Burgs, East Megan, 73945"
435,Charles,Smith,Arizona,"3561 Johnson Cove, Lake Gloria, 85523"
436,Nicholas,Hall,Alabama,"60713 Gonzalez Rue Apt. 735, New Deannafort, 98127"
437,Monique,Clements,Oklahoma,"367 Megan Street Suite 798, Meganberg, 19561"
438,Rebekah,Thompson,Indiana,"4181 Adam Creek Apt. 251, Richardhaven, 36109"
439,Melissa,Lee,New Jersey,"44156 Valerie Manors, Taylorbury, 96283"
440,Ryan,Young,Maine,"8084 Melissa Mission, East Donnaborough, 14895"
441,Olivia,Payne,West Virginia,"785 Tina Oval, Scottfurt, 44203"
442,Andrea,Schultz,Kentucky,"2161 Jeremy Heights, Crawfordville, 06154"
443,Monica,Bird,Ohio,"67234 Matthews Glens Apt. 292, Meganborough, 29898"
444,Anna,Munoz,New York,"59632 Guerrero Haven Suite 365, West Alyssaville, 69683"
445,Julia,Watson,Maryland,"320 Jones Neck Apt. 941, South Jessicaborough, 42030"
446,Crystal,Sullivan,Alabama,"8992 Ballard Port, Perezview, 35788"
447,Catherine,Lee,Michigan,"310 Kelly Ville Suite 410, Brownbury, 68620"
448,Andrew,Yu,Indiana,"631 Craig Course, Josephside, 54753"
449,James,Warren,Nevada,"096 Adam Plaza Apt. 449, Millsfurt, 43737"
450,Yvonne,Perry,Utah,"63474 Barr Mill Suite 471, Port Marissastad, 23790"
451,Matthew,Schneider,Hawaii,"05741 Griffin Square Apt. 919, Anthonytown, 99423"
452,Teresa,Roberson,North Carolina,"185 Bailey Courts Suite 020, South Samantha, 77452"
453,Sean,Campos,Montana,"69549 Tonya Radial Suite 027, New Monica, 23731"
454,Matthew,Carpenter,Nebraska,"566 Smith Station Suite 858, Hallborough, 26816"
455,Catherine,Bradley,Minnesota,"6708 George Estates Apt. 499, Port Patrickville, 15630"
456,Kathy,Robinson,New York,"48252 Jennifer Prairie Suite 572, New Ericstad, 84583"
457,Angela,Rodriguez,Alabama,"7492 Jordan Mews, East Kennethport, 74562"
458,Jack,Jackson,Tennessee,"0347 Jimenez Tunnel, Valenciafurt, 86849"
459,Sandra,Flynn,Kansas,"8106 Justin Grove, Bradleyton, 04390"
460,Jason,Allen,Kansas,"75876 Kimberly Corners, Jessicashire, 24979"
461,Randall,Romero,Idaho,"265 Michael Lodge Apt. 692, Port Lauratown, 83767"
462,Leah,Walker,South Dakota,"491 Jenkins Highway Apt. 395, Kevinside, 58784"
463,Juan,Strickland,Maryland,"18504 Donna Isle, New Gail, 69791"
464,Michael,Wolf,Missouri,"19179 John Dale Suite 581, Scottberg, 66561"
465,Monica,Lee,Rhode Island,"10868 David Ford, Jensenstad, 28774"
466,Penny,Fuller,Montana,"2380 Beverly Causeway Apt. 535, South Brianhaven, 84681"
467,Mark,Daniel,Louisiana,"05397 Jordan Ramp, Melissabury, 61198"
468,David,Moore,Tennessee,"16042 Nicholas Court, West Dorothymouth, 25506"
469,Tanner,Robinson,Rhode Island,"9790 Evans Coves Suite 481, Edwardfurt, 11508"
470,Michael,Reeves,New York,"0745 Eric Square, Diaztown, 36113"
471,Ricardo,Johnson,Hawaii,"04064 Reyes Pass, Port Austin, 63949"
472,Kevin,Valencia,Maine,"24122 Doyle Meadow, North Amy, 51538"
473,Brian,Reynolds,Pennsylvania,"5673 Joseph Crescent Apt. 583, Josephchester, 86435"
474,Mikayla,Miller,Missouri,"2992 Donna Islands Apt. 577, New Roy, 70864"
475,Monica,Davenport,Minnesota,"4902 Lowe Meadows, South Michael, 62571"
476,Patricia,Barnes,Maryland,"14152 Lisa Lights Apt. 641, Justinfort, 60057"
477,Michael,Stein,Oregon,"1003 Amy Overpass Apt. 950, North Brianna, 38242"
478,Noah,Beasley,Georgia,"880 Phillips Rest Apt. 315, Tinaside, 12695"
479,Scott,Thomas,Utah,"165 Meadows Port, South Sharontown, 88547"
480,John,Avery,Texas,"501 Kimberly Stravenue, Rogersborough, 19000"
481,Johnny,Smith,Oregon,"0289 Nelson Parks, New Michaelburgh, 44977"
482,Alex,Bishop,Michigan,"2817 Blake Meadows Suite 255, Port Meghan, 37576"
483,Anthony,Woodard,Montana,"91604 Giles Plain Suite 912, Mercadoville, 57373"
484,Justin,Smith,Florida,"89256 Hoffman Pines, Rebeccaton, 64652"
485,Stephanie,Roberts,Iowa,"710 Perez Fords, Davisland, 16145"
486,Jasmine,Rasmussen,Michigan,"4507 Steele Expressway, Stevenhaven, 32116"
487,Justin,Mccullough,New Hampshire,"99943 Dean Villages Suite 898, Tabithaton, 16331"
488,Jennifer,Anderson,Illinois,"0764 Rachel River, Port Matthewport, 85162"
489,Autumn,Donaldson,Arizona,"9792 Scott Village, Snyderville, 74333"
490,Patrick,Wyatt,New York,"5506 Brian Lodge, Brendabury, 46862"
491,Melissa,Wilkinson,Hawaii,"90961 Jared Brooks Apt. 931, Taylorville, 82028"
492,Gregg,Fisher,Montana,"82186 Curtis Rapids, Clarkshire, 77062"
493,Peter,Murphy,California,"11252 Wilson Overpass Apt. 936, Owensmouth, 13880"
494,Edward,Aguilar,Ohio,"3715 Schmidt Lodge, Angelicahaven, 32986"
495,Lauren,Ray,Colorado,"1967 Bradley Wall, Tranland, 22780"
496,John,Tapia,California,"8698 Love Place, Michelleview, 72903"
497,Belinda,Peterson,Arizona,"23061 Miller Ridge Suite 400, Richardsshire, 99555"
498,Nicholas,Lane,Michigan,"965 Martin Path Apt. 322, East Timothy, 34884"
499,Dustin,Oconnor,Kansas,"739 Tara Road Suite 010, Port Lindaview, 81163"
500,Sheila,Webb,New Mexico,"151 Michael Square Apt. 681, Port Jason, 44952"
501,Jeremy,Hancock,Utah,"86452 James Valleys Apt. 054, Harrisview, 26558"
502,Jennifer,Martinez,Oregon,"46924 Lee Freeway Apt. 241, South Richard, 68205"
503,James,Jones,New Mexico,"76385 Michael Haven, West Tracymouth, 34395"
504,Justin,Sullivan,Maine,"9530 Ball Via Suite 168, North Janetberg, 08616"
505,Rachel,Kim,Oregon,"4927 Tiffany Valley Apt. 117, New Matthew, 56281"
506,Amanda,Garcia,Vermont,"0945 Flynn Bypass, East Bradleytown, 06797"
507,Matthew,Barber,Kansas,"876 Sheila Stream Suite 866, North Daniel, 82870"
508,Dennis,Hoover,Texas,"18360 Jensen Track Apt. 790, Johnsonton, 93629"
509,Lisa,Fernandez,Ohio,"782 Morrison Cliff, Scottbury, 64452"
510,Isaiah,Rocha,New Jersey,"667 Mann Village, North Tammy, 17341"
511,Lindsay,Lester,Idaho,"11472 Rivera Common Suite 754, Thomaston, 74275"
512,Francisco,Lambert,Montana,"3606 Garner Roads, Harmontown, 43263"
513,Jessica,Miller,Idaho,"192 Mark Parkways Apt. 972, Ortegashire, 75856"
514,Randall,Thomas,Florida,"94049 Thomas Mission, East Tracy, 98565"
515,Billy,Torres,California,"93051 Tapia Burg, East Michael, 36611"
516,Sharon,Moran,Alaska,"755 Peterson Dale Suite 087, Lake Ebonymouth, 44550"
517,Benjamin,Levine,Virginia,"0678 Albert Rest, Jessicahaven, 96222"
518,Jacqueline,Brown,Ohio,"6157 Brian Valley Suite 757, North Joseph, 48398"
519,Robert,Morrison,Arkansas,"88055 Chung Fords, Jamieshire, 71955"
520,Elizabeth,Sims,Maine,"2057 Hart Crossroad, Yuport, 89463"
521,Vanessa,Aguilar,North Dakota,"231 Tammy Views, New Thomasberg, 07600"
522,Christopher,Torres,North Dakota,"8804 Jesse Fork, West Janetburgh, 94039"
523,Samantha,Rogers,Montana,"68380 Taylor Heights, West Amanda, 84556"
524,Deborah,Gray,North Carolina,"018 Tyler Plaza Apt. 574, Jermaineport, 82886"
525,David,Murray,Louisiana,"659 Janet Motorway Suite 566, West Kayla, 67108"
526,Heather,Duncan,Illinois,"42945 Keller Vista, Johnland, 28321"
527,Mario,Young,South Carolina,"29532 Bell Wells Apt. 430, Arielville, 00748"
528,Michael,Foster,Utah,"44787 Kelly Overpass Apt. 327, Port Charles, 83926"
529,Sara,Dixon,North Carolina,"671 Devon Villages Apt. 622, West Kevin, 57206"
530,Wayne,Sanchez,Arizona,"131 Michael Pike, South Richard, 71856"
531,Omar,Rose,North Dakota,"57534 Samantha Light Apt. 525, Port Seanborough, 65003"
532,Bonnie,Smith,Illinois,"7521 Kelly Passage Suite 706, New Katherine, 34253"
533,Ronald,Stein,Rhode Island,"1877 Susan Divide Apt. 013, Matthewsbury, 33300"
534,Brandon,Williams,Illinois,"5233 April Points, Schroederhaven, 69875"
535,Kathy,Fernandez,California,"934 Curtis Mountains Suite 252, Turnerberg, 05545"
536,Susan,Davis,Maryland,"48182 Sanchez Drive, Port Jennifer, 57820"
537,Christopher,Ward,South Dakota,"228 Johnson Ports, Lake Patrickview, 13328"
538,Colleen,Peterson,South Dakota,"241 Ramos Islands Suite 030, Port Johnbury, 51826"
539,Daniel,Nicholson,Montana,"78550 Hill Inlet Apt. 797, Brownview, 97731"
540,Kevin,Cooper,Kansas,"8884 Scott Pine Suite 464, Howardland, 33296"
541,Brian,Smith,Tennessee,"7341 Gloria Keys Suite 251, South Markview, 85390"
542,Nancy,Barron,Arkansas,"487 Erin Coves Apt. 249, Port Michaelland, 75179"
543,Stephen,Mckenzie,Wyoming,"28210 Walker Camp Apt. 142, Moodyfurt, 06335"
544,Kaitlyn,White,Minnesota,"306 Murphy Mountains, South Rachel, 73331"
545,Dennis,Anderson,Utah,"8189 Lewis Ridge, Jenniferville, 84992"
546,Jennifer,Campbell,Nebraska,"1484 Anderson Oval, Stevensshire, 94606"
547,Catherine,Carrillo,Ohio,"89141 Montoya Square Apt. 832, New Charlesshire, 88102"
548,Cory,Daniels,New Hampshire,"1487 Hall Stream Suite 632, East Williamchester, 61901"
549,Alexa,Watson,New Hampshire,"52859 Tammy Lock, Robertville, 39247"
550,Pamela,Taylor,New Mexico,"4503 Kimberly Pine Apt. 742, Woodberg, 50490"
551,Charles,Ray,Utah,"237 Mccarty Pines Apt. 246, Youngmouth, 47339"
552,Diana,Jackson,Rhode Island,"366 Gonzalez Turnpike Suite 074, West Thomas, 91414"
553,Kim,Pena,Indiana,"973 Daniels Springs, Ginaview, 27631"
554,Jesse,Flores,Idaho,"17015 Suzanne Plains, New Wendy, 49320"
555,Anthony,Floyd,Virginia,"50095 Lee Creek, Lake Jamietown, 36551"
556,Andres,Torres,Texas,"297 Stone Mall Apt. 420, West David, 89198"
557,Matthew,Smith,Montana,"80483 Tamara Spurs, Susanmouth, 76397"
558,Brooke,Chavez,Texas,"76491 Davis Crest, Curtisland, 27520"
559,Alexander,Garcia,Pennsylvania,"52890 Henderson Forge, South Erinshire, 54966"
560,Steven,Torres,Nebraska,"048 Katherine Track, Kaylafort, 94546"
561,Alison,Rhodes,Rhode Island,"5338 Eric Key, North Catherineshire, 51341"
562,Stephen,Stanley,Idaho,"66848 Solis Islands, Sandovalhaven, 29864"
563,Miguel,Mitchell,Arkansas,"9296 Padilla Throughway, Brandonshire, 17797"
564,Jeffrey,Wang,South Carolina,"903 Robinson Rapids, Kelliside, 03759"
565,Sherri,Rice,Ohio,"9134 Hodges Run Suite 336, North Jessicabury, 84647"
566,Jason,Cooper,West Virginia,"86740 Ryan Springs, West Kimberly, 86907"
567,Brianna,Moore,Maine,"4293 Taylor Parkway, South Garyton, 21510"
568,Richard,Adams,Michigan,"821 Jennifer Row, Elliottshire, 00796"
569,Juan,Hamilton,North Dakota,"0658 Torres Ferry, South Linda, 17483"
570,Shirley,Neal,Massachusetts,"37226 Donna Club, Brandyland, 68890"
571,Tammy,Sherman,Alabama,"137 Tyler Ramp, West Madisonfort, 38058"
572,Beverly,West,Oregon,"9947 Kaitlin Coves, New Ralphfort, 13518"
573,Brett,Barker,Tennessee,"343 Willie Trail, Hectorborough, 29257"
574,Timothy,Mcclain,Utah,"0883 Avila Track Suite 834, East Margaret, 34876"
575,Michael,Scott,Vermont,"4854 Michelle Heights Suite 478, Williamview, 51832"
576,Janet,Rivera,Arkansas,"7838 Daniel Vista Suite 122, Bradleytown, 07689"
577,Jermaine,Ramirez,Delaware,"5026 Simmons Shore Apt. 938, Jeremyhaven, 21455"
578,Robert,Allen,Texas,"6749 Joseph Way Apt. 059, Scottside, 03598"
579,Robert,Cisneros,Montana,"106 John Roads, North Sarah, 78487"
580,Beverly,Martinez,West Virginia,"197 Banks Roads Suite 203, Reginabury, 50780"
581,Aaron,Davis,Montana,"783 Carlos Row Suite 484, New Christopher, 02976"
582,Alan,Bryant,South Carolina,"67939 Barajas Trail Suite 939, Port James, 50532"
583,Adrian,Terrell,Arkansas,"410 Burns Land, Cassandrafort, 72267"
584,Thomas,Larsen,Arizona,"60055 Alexis Spring, Dakotaland, 67253"
585,Robert,Martin,North Carolina,"8604 Lyons Port Apt. 853, Jerryville, 50453"
586,Becky,Freeman,New Hampshire,"76602 Jack Spring Apt. 070, Williamschester, 37313"
587,Adam,Leonard,Tennessee,"77328 Joy Park, Thomasshire, 75742"
588,Shawn,George,Oregon,"844 Davis Spurs Apt. 922, Evelynborough, 33255"
589,Jaime,Harris,Nevada,"93971 Little Forks Suite 945, Osborneburgh, 17822"
590,Taylor,Adams,Pennsylvania,"982 Roberts Lights Suite 231, Port Albert, 17027"
591,Michael,Flores,North Carolina,"6999 Sara Grove, Lopezchester, 84881"
592,Joseph,Hill,Louisiana,"771 Joseph Terrace Suite 708, North Deborahland, 87026"
593,Richard,Rodriguez,Michigan,"8847 Brooks Via Suite 784, Rileyhaven, 15668"
594,Aaron,Holmes,South Carolina,"062 Nancy Loop, Benjamintown, 16314"
595,Stacey,Phillips,Oregon,"8392 Smith Ports Apt. 783, West Dorothy, 52255"
596,Kara,Jones,Florida,"4481 Frank Knolls Apt. 099, New Timothy, 57677"
597,Jason,Johnson,Georgia,"354 Emily Cliff, Chelseyport, 33970"
598,Bridget,Peters,Alabama,"28233 Samantha Center, Kennethtown, 61236"
599,Ann,Cobb,Arizona,"300 Hamilton Drives, North Michael, 98053"
600,Erica,Ortiz,Connecticut,"26060 Macdonald Lock, Josephchester, 03997"
601,Amber,Mason,West Virginia,"580 Allen View, Rosemouth, 27068"
602,Joshua,Hart,Mississippi,"831 Christopher Lodge, East Jonathan, 78219"
603,Sara,Morris,Michigan,"66597 Jackson Neck Apt. 208, East Carolynstad, 56055"
604,Rachael,Lewis,Washington,"562 Nancy Fall, Katiechester, 00549"
605,Brenda,Gilmore,North Carolina,"924 Anthony Glen Suite 682, New Susanport, 42100"
606,Gregory,Smith,Illinois,"7890 Hughes Glens Suite 985, Smithport, 87446"
607,Joshua,Johnson,Vermont,"200 Jesse Ville, Traceyborough, 35434"
608,Valerie,Lewis,Maryland,"192 Michael Fork, South Joshua, 37814"
609,Elizabeth,Jones,Louisiana,"9383 Valenzuela Motorway Suite 737, Changbury, 75269"
610,Andrew,Savage,Iowa,"3637 Henry Roads Suite 924, Judyshire, 21769"
611,Scott,Flynn,North Carolina,"386 Angie Villages, North Amanda, 91885"
612,Stacy,Watson,Georgia,"229 Angelica Plaza Suite 900, New Jessica, 31484"
613,Cody,Davis,North Carolina,"0975 Yates Plains, New Patricia, 72615"
614,Tiffany,Edwards,Hawaii,"1861 Latoya Fields, East Timothy, 20344"
615,Lacey,Wright,Missouri,"71631 Martin Lights Apt. 558, North Michellemouth, 50438"
616,Patrick,Davis,Pennsylvania,"430 Lucero Prairie Suite 183, Summersberg, 93620"
617,Jeff,Allen,Pennsylvania,"16885 Smith Mews, Curtismouth, 39888"
618,Elizabeth,Thompson,Mississippi,"936 Benson Squares, Levyview, 25010"
619,Daniel,Lee,New Mexico,"2900 Thompson Overpass Suite 675, North Karenview, 75721"
620,Sherry,Mendoza,California,"39378 Richard Harbor Suite 388, Jadetown, 45891"
621,Erika,Wright,Georgia,"71091 Christine Lane Suite 148, Port Phillip, 62727"
622,Michael,Sullivan,Maryland,"7281 William Rapid, Larryburgh, 99065"
623,Kenneth,Cardenas,Mississippi,"3880 Boyle Heights Apt. 606, Lake Timothy, 41106"
624,Kimberly,Dickerson,Utah,"25807 Jason Shore, Lake Thomasstad, 88440"
625,Daniel,Bailey,Illinois,"1691 Jennifer Isle Apt. 792, Jeremybury, 80316"
626,Betty,Robertson,Alaska,"1460 Swanson Turnpike, South Andrew, 56570"
627,Jason,Todd,Hawaii,"5885 Jason Hollow Suite 569, West Jessicaburgh, 25575"
628,Kristin,Alvarez,Minnesota,"1391 Lindsay Expressway Suite 166, Ramirezshire, 82440"
629,Danielle,Benson,New Mexico,"530 Lin Plains, Wilsonmouth, 40173"
630,Paul,Meyer,Georgia,"88498 Brown Island Apt. 313, Jenniferhaven, 29178"
631,Kristin,Rowe,Oregon,"95408 Torres Alley Suite 668, New Dalton, 34462"
632,Jared,Wilson,Maine,"46748 Brown Cape Apt. 763, New Kevinborough, 67176"
633,Joseph,Greene,Michigan,"48738 Kristin Summit, Laurenstad, 74130"
634,Abigail,Elliott,Montana,"3434 Taylor Ranch Apt. 685, New Kayleeborough, 32737"
635,Gabriel,Carroll,Louisiana,"17139 Hector Flat, North Theresaberg, 78466"
636,Brandon,Simmons,Wyoming,"87727 Conner View, Port Amandahaven, 32607"
637,Charles,Donovan,North Dakota,"3918 Tapia Gardens Suite 644, Nguyenberg, 27688"
638,Timothy,Shea,Florida,"3292 Phyllis Rest Apt. 570, Christophertown, 02364"
639,Christopher,Long,Delaware,"80512 Joshua Crossing, West Tracey, 62618"
640,Judy,Rivers,New Hampshire,"15121 Natalie Wells Apt. 018, Howardmouth, 58689"
641,Jeffrey,Pacheco,Tennessee,"680 Hansen Expressway Apt. 514, Morenoside, 71154"
642,Brenda,Willis,Alabama,"89152 Smith Ferry Suite 277, Seanbury, 36820"
643,Maria,Tucker,Indiana,"6809 Robbins Springs Suite 455, Pollardtown, 06614"
644,Matthew,Green,Indiana,"45691 Swanson Walks, Brownville, 87324"
645,Ralph,Knapp,West Virginia,"52830 Christina Unions, South Andrew, 17979"
646,Evelyn,Lloyd,Iowa,"27824 Peter Ports, North Tara, 01063"
647,Tracey,Lopez,Maine,"2746 Thomas Well, Hullmouth, 47767"
648,Ann,Collins,Massachusetts,"931 Russell Ports, North Leahview, 72651"
649,Roger,Barnett,Maine,"2436 Jessica Tunnel, South Charlesville, 43196"
650,Benjamin,Gregory,Oregon,"16450 Munoz Land, Blairside, 25247"
651,Thomas,Fowler,Alabama,"82981 Brewer Pike Suite 371, West Michelleport, 08881"
652,Brandon,Barry,Pennsylvania,"56800 Hayes Lane Suite 130, North David, 22885"
653,Derek,Boone,Oklahoma,"109 Sampson Spurs Apt. 828, East Johnhaven, 18645"
654,Michael,Allison,Arizona,"359 Preston Inlet, Hernandezton, 02075"
655,Monica,Peterson,Illinois,"181 Young Route Suite 639, Johnathanton, 23694"
656,Michael,Price,Arkansas,"76605 Hunter Dale Suite 865, Davisfort, 99383"
657,Brian,Johnson,Virginia,"2978 Lewis Passage, Lake Kimberlymouth, 61200"
658,Melanie,Cook,Alabama,"258 Joseph Court, Matthewville, 91131"
659,Thomas,Skinner,Oklahoma,"1860 Shaw Lane, North Julie, 29126"
660,Brian,Callahan,Nebraska,"1515 Olson Springs, New Roberttown, 80878"
661,Jose,Estes,New Mexico,"0379 Cristian Harbors, South Sonyaburgh, 43571"
662,Chad,Newton,Georgia,"7451 Adrienne Overpass, New Heatherton, 02516"
663,Perry,Pope,Missouri,"3133 Adam Stream Suite 219, Bonillaberg, 18840"
664,Margaret,Larson,Wyoming,"83979 Jennifer Gateway Apt. 984, East Nathan, 58844"
665,Joseph,Gibson,California,"11072 Stewart Forest, Brandonside, 24289"
666,Chase,Schmidt,Oklahoma,"2115 Judith Spring, West Frankshire, 66844"
667,Jessica,Smith,Rhode Island,"0670 Morales Bypass, Connerborough, 57385"
668,Adam,Fischer,California,"33825 Jeffrey Crescent Suite 178, New Philip, 02733"
669,Frank,Cross,Indiana,"61471 Jason Ramp, Debrahaven, 92082"
670,Joseph,Tran,Rhode Island,"0440 Beverly Trace Apt. 621, Averyfurt, 59674"
671,Tammy,Vance,Pennsylvania,"39783 Gregg Shoals Apt. 876, West Brendaburgh, 15042"
672,Jimmy,Moore,Hawaii,"80970 Smith Trace Apt. 149, Burtonview, 84538"
673,Katelyn,Davis,North Dakota,"56755 White Dam, Smithburgh, 20692"
674,Dennis,Johnson,Nebraska,"692 Molly Junction, West Christine, 11732"
675,Joshua,Walker,Kansas,"498 Kelly Ports Apt. 589, West Charles, 57383"
676,John,Harris,Minnesota,"93670 Wilkerson Alley Apt. 275, Josephville, 36110"
677,Maria,Gaines,Alaska,"26725 Stewart Avenue, East Tyler, 89091"
678,Carolyn,Beck,Montana,"5736 Laura Plain Apt. 825, New Charles, 33772"
679,Frances,Shelton,Ohio,"0352 Bonnie Common, Banksfurt, 53416"
680,Justin,Wilson,Pennsylvania,"8722 Rachel Cape, Johnview, 23180"
681,Samantha,Miller,Florida,"0680 Maria Alley, Ryanburgh, 90454"
682,Stephanie,Hoffman,North Carolina,"21361 Rhodes Branch, Riverahaven, 71598"
683,Justin,Pratt,Ohio,"4314 Miller Squares, Jillside, 30344"
684,William,Jensen,Georgia,"45715 Walton Island Apt. 267, South Michael, 54015"
685,Nathaniel,Meza,New York,"860 Diaz Overpass Suite 739, North Darryl, 89322"
686,Jillian,Rhodes,Massachusetts,"19232 Lisa Shore, New Zoeport, 23473"
687,Margaret,Jones,Oregon,"7433 Kelly Brooks Suite 853, Nicholasfort, 46443"
688,Edward,Wade,Ohio,"6926 Elizabeth Dale, New William, 67162"
689,Brittany,Torres,New Jersey,"9653 Maria Square, Flemingbury, 10277"
690,Joshua,Holland,Kentucky,"071 Romero Crossing Apt. 623, Alexaville, 13966"
691,Mark,Ortiz,Maine,"245 Bolton Way Suite 392, Allenview, 13656"
692,Kaitlyn,Jones,Virginia,"3533 Garcia Islands, Travisburgh, 98086"
693,Sean,Green,California,"5511 Lewis Green, Port Karen, 52386"
694,Angela,Bryan,Illinois,"9174 Butler Parkway Apt. 604, Port Kimberly, 59106"
695,Sarah,Sanders,Massachusetts,"3245 Smith Plain Apt. 889, West Tracyside, 44449"
696,Chad,Meza,South Carolina,"766 Jeremiah Manor Apt. 100, Leslieville, 44276"
697,Paul,Browning,Kentucky,"079 Mejia Station Suite 435, Melissafort, 78170"
698,Jennifer,Hamilton,California,"656 Aaron Oval Apt. 473, Port Sarah, 84056"
699,David,Strickland,New Mexico,"33057 Sims Summit, North Yolanda, 70611"
700,Larry,Jackson,Minnesota,"957 Judy Summit, Port Tonyaside, 14330"
701,Dawn,Coleman,Rhode Island,"536 Novak Spring Suite 144, Hubbardhaven, 72794"
702,Melanie,Morales,South Carolina,"7453 Robert Street Apt. 026, North John, 76510"
703,Lisa,Barker,Wyoming,"5118 Gaines Village, East Stevenberg, 49095"
704,Ralph,Hill,New Hampshire,"60694 Fletcher Prairie Apt. 065, Derrickfurt, 06185"
705,Todd,King,New Jersey,"744 Lutz Summit, Lake Brianna, 46092"
706,Adam,Roberts,Colorado,"88617 Wilson Avenue, Port David, 19015"
707,Joshua,West,Florida,"7724 Hampton Lane, North Joseph, 61908"
708,Michele,Valenzuela,South Carolina,"818 Martin Ports, Wilsonside, 79130"
709,Debra,Davis,New Hampshire,"0871 James Shoals, Sabrinaland, 35758"
710,Allen,Hickman,Michigan,"85191 Garcia Center Suite 164, Amandastad, 84142"
711,Donald,Williams,Texas,"79240 Taylor Walks, West Ashley, 40324"
712,Karina,Cameron,Tennessee,"449 Melinda Groves, Watsonmouth, 72215"
713,Veronica,Sanchez,Minnesota,"5533 Donald Orchard, South Russellport, 67415"
714,Julie,Wright,Hawaii,"7134 West Throughway Suite 892, West Mariaville, 11605"
715,Karen,Smith,New Hampshire,"840 Williams Camp, Lake Joe, 88937"
716,Ashley,Howard,New Mexico,"866 Whitney Gateway Suite 703, Matthewshire, 49582"
717,Emily,Valdez,Oklahoma,"419 Tanner Oval Suite 471, South Lisaburgh, 27857"
718,Sue,Brown,Massachusetts,"6250 Mary Estate, North Patrick, 94927"
719,Tammy,Beasley,Oregon,"280 Hawkins Terrace, Alvaradofurt, 27543"
720,Jacob,Haynes,Arkansas,"5411 Matthew Points Suite 891, Bookerburgh, 62202"
721,Michael,Turner,Connecticut,"896 Mercer Fords, Andersontown, 40461"
722,Anne,Martinez,Maine,"41676 Liu Mission Apt. 640, Kimberlystad, 46033"
723,Katherine,Roberts,Hawaii,"11820 James Loaf, Munozton, 88480"
724,Pamela,Cain,Mississippi,"6775 Davis Underpass, Simpsonville, 05789"
725,Melissa,Gilbert,Arkansas,"5970 Tiffany Path Apt. 066, Lake Emilychester, 79878"
726,James,Arnold,Kansas,"82180 Randy Bridge, Clarkberg, 76644"
727,Karen,Jacobs,Wisconsin,"688 Paul Drive Apt. 996, South Richard, 75227"
728,Kimberly,Castaneda,Alaska,"89515 Alexis Villages Apt. 740, Michaelfort, 04142"
729,Barbara,Ramirez,Vermont,"140 Lisa Avenue Suite 235, Ricardoborough, 85376"
730,Brandon,Jennings,Oklahoma,"511 Donald Underpass, Manningfort, 04531"
731,Rickey,Huerta,Michigan,"328 Robbins Throughway Apt. 057, New Kathy, 53646"
732,Wayne,Booth,Pennsylvania,"39011 Griffith Mission, Elizabethland, 95857"
733,Thomas,Brown,Virginia,"09062 Martin Centers Suite 371, Smithhaven, 55926"
734,Scott,Fritz,Iowa,"29785 Melvin Flat, Lake Matthewtown, 42154"
735,Erik,Vasquez,Alabama,"8624 Samantha Parkways Apt. 853, South Madisonfurt, 48855"
736,Nathan,West,Colorado,"60733 Werner Lakes Suite 415, Williamshire, 52194"
737,Lucas,Nguyen,Maryland,"1170 Wong Fork, New Tracychester, 06298"
738,Charlene,Goodman,Alaska,"8293 Bill Isle Apt. 409, Williamsfurt, 58101"
739,Andrew,Palmer,Vermont,"9461 Margaret Passage Apt. 632, Martinview, 05798"
740,Jason,Lynn,Minnesota,"816 Fowler Locks Suite 519, Johnsonview, 32428"
741,Edwin,Soto,New Jersey,"2651 Marshall Keys Suite 223, Lake Elizabethmouth, 52843"
742,Eddie,Mack,California,"10292 Jenkins Mission Suite 822, Millermouth, 84346"
743,Angela,Cole,Kentucky,"958 Mark Drive, Westview, 19217"
744,Barbara,Thompson,Kansas,"9114 Pearson Circles, Ericksonburgh, 07788"
745,Earl,Conrad,Idaho,"363 Harold Park, Port Justin, 78422"
746,Douglas,Malone,Oregon,"5398 Bryant Heights Apt. 788, Mooremouth, 59858"
747,Sarah,Osborne,Idaho,"910 Patricia Mission Suite 476, North Veronicabury, 62731"
748,Briana,Hanson,Arizona,"8652 Melanie Mountain, Nicoleview, 76563"
749,Cynthia,Johnson,North Carolina,"77610 Hunter Extensions, Stephensonbury, 43021"
750,Theresa,Sandoval,Wyoming,"750 Robert Freeway, Patrickfurt, 66960"
751,Tammy,Heath,Nebraska,"410 Wells Bypass, Lake Kevin, 17319"
752,David,Johnson,Colorado,"78342 Adriana Villages, Jonesborough, 04890"
753,James,Lewis,Virginia,"8161 Cunningham Rapid Apt. 986, North Marcusville, 01809"
754,Jason,Stephens,New Hampshire,"0774 Hicks Expressway, Martinezburgh, 42658"
755,David,Brooks,Washington,"70214 Matthew Row, Pattersonview, 15590"
756,John,Sherman,Virginia,"277 Madeline Port Suite 342, Taylorfort, 58344"
757,Suzanne,James,Oklahoma,"8828 Robin Station, Carrillochester, 38861"
758,Jimmy,Byrd,California,"8469 Bird Bypass Apt. 104, West Lori, 44560"
759,Tracey,Moore,Hawaii,"733 Taylor Manor, New Denisehaven, 66561"
760,Christopher,Boyd,Arizona,"963 Weaver Groves Apt. 919, West Gregoryside, 61126"
761,Laurie,Wood,Illinois,"71203 Hall Trail, South Judymouth, 60913"
762,Carlos,Howard,Alabama,"62456 Brian Stravenue, East Samuelport, 97555"
763,Casey,Miller,Minnesota,"288 Hernandez Flat, West Lindastad, 09117"
764,Kelly,Cunningham,Rhode Island,"050 White Inlet Suite 599, Christopherport, 30422"
765,Roy,Martinez,Massachusetts,"3440 Kristen Fall Suite 143, New Phillipshire, 93162"
766,Chelsea,Jones,Connecticut,"46947 Rice Mill, Markstad, 51008"
767,Wanda,Paul,Nebraska,"586 Washington Crossing, East Danielborough, 09049"
768,Michael,Powell,Rhode Island,"694 Tyler Springs, Pruittport, 53230"
769,David,Collins,Alaska,"3565 Hall Parkway, New Alexisland, 14810"
770,Michael,Rowe,Mississippi,"4028 White Cove Suite 288, Danielmouth, 38100"
771,Denise,Graves,Mississippi,"240 Moon Extensions Apt. 935, Arthurfort, 95370"
772,Dennis,Mullins,Missouri,"230 Scott Terrace, Burtonchester, 04049"
773,Amanda,Miller,New York,"87487 Michael Manors Suite 530, South Matthewstad, 98891"
774,Jason,Kline,Idaho,"2173 Banks Grove Apt. 270, Lake Lauraland, 80748"
775,John,Cook,South Dakota,"86177 Noble Extensions Apt. 614, Jenniferport, 93104"
776,Pamela,Henry,Texas,"94115 Susan Throughway Apt. 234, Powellville, 57953"
777,Melinda,Lozano,Utah,"7558 Robbins Roads, Kayleemouth, 11731"
778,Lisa,Lopez,Missouri,"19087 Vincent Inlet Apt. 391, Port Bryanfort, 48635"
779,Susan,Carpenter,Arizona,"0331 Douglas Port Apt. 366, New Cynthia, 74109"
780,Jennifer,Carpenter,Washington,"682 Foster Vista Apt. 650, Cherylmouth, 43547"
781,Anna,Wilson,Indiana,"206 Stevens Stream, Johnsonhaven, 96073"
782,Andrew,Moore,Arizona,"1210 Tonya Springs, Vasquezview, 40860"
783,Kevin,Garcia,Iowa,"56284 Joseph Valleys Suite 269, Johnshire, 41836"
784,Sonia,Dorsey,Washington,"779 Philip Ways Apt. 234, New Andreastad, 55310"
785,Thomas,Owens,Texas,"96529 Franklin Gateway, West Johnny, 43070"
786,Julia,Jones,Maryland,"409 Douglas Wells Suite 199, Meyerston, 90780"
787,Stephen,Spencer,Iowa,"7334 Garcia Keys Apt. 287, Perrytown, 63778"
788,Sean,Graham,Massachusetts,"45197 Avila Streets Apt. 639, West Joehaven, 66771"
789,Edward,Rosales,North Carolina,"017 Mary Cape Suite 630, Moorestad, 87464"
790,Ashley,Cooper,Texas,"3914 Ian Spurs, Amyville, 09201"
791,Christopher,Andrews,Minnesota,"4911 Stephanie Ford, Gravesmouth, 19561"
792,Jennifer,Bennett,Wisconsin,"7040 Christina Knoll, Patelfort, 96110"
793,Patrick,Sanders,Utah,"37811 Hess Circles, South Melaniechester, 41099"
794,Jacob,Wood,Idaho,"96965 Phillip Brook, Acostafort, 28314"
795,Lauren,King,Iowa,"466 Hancock Centers Suite 321, Laurenburgh, 49118"
796,Billy,Mcdowell,Minnesota,"7608 Mark Hollow, Brandontown, 97078"
797,Cynthia,Shaw,Mississippi,"50791 Scott Pine, Angelaside, 11407"
798,Brian,Garcia,Idaho,"3258 Lisa Place Suite 182, Sandersmouth, 23431"
799,Ashley,Klein,Rhode Island,"30000 Taylor Grove, Port Elizabethstad, 97311"
800,Johnny,Maxwell,Tennessee,"80979 Kevin Path Suite 913, West Danielbury, 75805"
801,Raymond,Roberts,Oklahoma,"80635 Nicole Trail, Sarahport, 06024"
802,Angela,Hill,Mississippi,"66251 Walters Meadows, Sarahton, 11509"
803,Samuel,Newman,Wisconsin,"062 Grant Cliffs Suite 547, Chrisstad, 91155"
804,Barbara,Ortiz,North Dakota,"307 Mullins Causeway Suite 876, Port Alyssamouth, 80073"
805,Alexandria,Frederick,Nebraska,"040 Johnny Stream Suite 121, Amandaview, 80327"
806,Robert,Martin,Hawaii,"04778 Andrew Place, New Thomas, 68025"
807,Traci,Peterson,Iowa,"38023 Edwards Orchard, Lake Karimouth, 71341"
808,Susan,Richardson,Ohio,"64183 Richardson Keys Suite 764, New Amyville, 69116"
809,Mary,Moore,Minnesota,"49444 Murray Causeway, New Carl, 45384"
810,Rachel,Jackson,Arizona,"08617 Stevens Manor Apt. 673, Ellisfort, 12387"
811,Valerie,Burns,West Virginia,"4581 Davis Mills, South Danielmouth, 15421"
812,Jennifer,Perez,North Carolina,"0519 Timothy Unions, New Stevenburgh, 15311"
813,Brianna,Williams,Georgia,"055 Kelly Lakes Suite 655, East Chad, 91512"
814,John,Wolfe,Nebraska,"157 Sean Mission, Rileyhaven, 27245"
815,Pamela,Pierce,Maine,"8172 Elizabeth Glens Apt. 400, East Michaelchester, 00939"
816,Jessica,Avila,Texas,"57030 Michael Avenue, East Jeffrey, 43742"
817,Jacqueline,Salazar,New Hampshire,"61467 Collin Bypass Apt. 482, Spencestad, 63379"
818,Heather,Morse,Maryland,"3740 Christopher Forge, Larsenmouth, 03464"
819,Jennifer,Torres,Massachusetts,"2105 Ramsey Causeway Apt. 242, Stevenborough, 57031"
820,Curtis,Bowman,Louisiana,"35435 Brown Underpass, Grahamshire, 05988"
821,Michael,Armstrong,New Mexico,"9088 Michael Shore, Lake Zacharyside, 69650"
822,Kevin,Thomas,Alaska,"09225 Williams Land Suite 062, Nelsonhaven, 04052"
823,Roberto,Lucas,South Carolina,"8695 Raven Heights, Port Jeremiah, 01741"
824,Lisa,Burns,Indiana,"4198 Nguyen Mountain, South Ericachester, 48297"
825,Melissa,Ramirez,Nebraska,"08240 Stephanie Overpass Apt. 955, Jessicafurt, 33684"
826,Sheila,Rogers,Kentucky,"498 Daniel Forges Suite 226, New Coreytown, 48034"
827,Darrell,Peters,West Virginia,"151 Johnathan Walk, Port Julieside, 31705"
828,Laura,Harrington,North Dakota,"348 Stevens Crescent, Vickiemouth, 99777"
829,Cheyenne,Jackson,Arizona,"258 Keith Divide Apt. 131, Boonetown, 86139"
830,Deborah,Solis,Idaho,"8101 Yesenia Crest Apt. 300, Caseyview, 74633"
831,Brooke,Mendoza,Louisiana,"20901 Callahan Crossing, Barneschester, 31936"
832,Andrew,Cortez,Massachusetts,"7848 Tiffany Drive, North Dawn, 27775"
833,John,Klein,Hawaii,"34913 Donna Trail Apt. 198, East Maryburgh, 74652"
834,Timothy,Hudson,New Jersey,"191 Pena Brook Apt. 292, Hodgesmouth, 19761"
835,Karen,Cannon,Delaware,"4977 Villarreal River, North Timothy, 69798"
836,Jacob,Cook,North Carolina,"9648 Caitlin Tunnel, Halemouth, 94853"
837,Brandy,Walker,Arizona,"227 Christopher Field, East Kenneth, 65339"
838,David,Davis,Oregon,"64852 Moore Junctions Suite 358, New Frank, 71669"
839,Joseph,Gregory,Vermont,"4318 Keith Square Apt. 709, Thompsonborough, 85700"
840,Jasmine,Roberson,Maine,"51117 Peter Garden Suite 505, North Gary, 72793"
841,Alan,Lee,South Dakota,"81035 Hall Pass, Lamberttown, 31489"
842,Lindsay,Brown,Iowa,"091 Richard Radial Suite 794, Susanfurt, 57891"
843,Natalie,Morgan,North Carolina,"032 Hale Estate, Ryanchester, 34895"
844,Christopher,Potter,Florida,"2175 Candace Street, New Devinborough, 95461"
845,Gregory,Garcia,Illinois,"7004 Rivera Stream Apt. 933, East Patrick, 38461"
846,Jeffery,Padilla,Ohio,"80383 Noble Wells, West Tiffany, 48551"
847,Colleen,Scott,New Jersey,"6334 Landry Tunnel, West James, 92481"
848,Margaret,Bennett,Kentucky,"39171 Dawn Ports, Jessicatown, 28356"
849,Kevin,Gates,Iowa,"065 Kendra Forest Apt. 652, Kingburgh, 76439"
850,Heather,Salinas,Arizona,"5371 Kari Prairie Apt. 736, New Haileyhaven, 13205"
851,Alan,Scott,New Mexico,"9723 Miller Heights, Goodmanfort, 77600"
852,Lindsay,Johnson,New Hampshire,"88949 Sutton Shoals, East Debraberg, 34914"
853,John,Peters,Maryland,"8629 Jennifer Landing, South Regina, 12993"
854,Rita,Johnson,Montana,"656 Cynthia Brook Apt. 739, North Kyle, 74714"
855,Howard,Orozco,Florida,"729 Simmons Cliff Apt. 106, Cherylport, 25954"
856,Caitlin,Miller,Florida,"26244 Jessica Shoal Suite 165, Port Mary, 37917"
857,Misty,Williams,Rhode Island,"2892 Welch Locks, Lake Rebecca, 08076"
858,Carl,Salazar,Idaho,"47040 Myers Parks, Turnerburgh, 58300"
859,Garrett,Kim,Michigan,"5801 Eric Garden Suite 066, East Tiffany, 04339"
860,Cheryl,Smith,Oregon,"243 Foster Mountain, Rogershaven, 65907"
861,Julie,Rodriguez,Kentucky,"4391 Kathryn Burgs Apt. 825, Joseview, 77597"
862,Jason,Scott,Rhode Island,"044 Benjamin Mill Apt. 481, South Leah, 34560"
863,Austin,Crane,Oklahoma,"9311 Chapman Cliff, Port Laura, 40794"
864,Tyler,Miller,Washington,"2094 James Bypass, Port Eric, 74004"
865,Michelle,Steele,Iowa,"459 Bradley Forge Suite 610, North Kathryn, 84559"
866,Tracy,White,Montana,"856 Roger Ridges Suite 571, South Colefurt, 34788"
867,Gabriella,Medina,Alaska,"14877 Brian Mall, Lake Amy, 51899"
868,Felicia,Williams,Florida,"345 Gabriela Tunnel, Billyshire, 72951"
869,Yvette,Jensen,Missouri,"107 Barnes Village Suite 288, West Rebecca, 24989"
870,Audrey,Smith,Utah,"294 Michelle Forks, Rogersside, 31499"
871,Monique,Wells,New York,"660 Owens Forks Apt. 757, New Susanview, 04063"
872,Virginia,Swanson,Alabama,"43567 Joshua Manor Apt. 764, Port Amanda, 93615"
873,Sandra,Mcdonald,Utah,"23453 Sara Estates, Lake Kevinville, 59152"
874,Jennifer,Garcia,Michigan,"004 Randy Mission, West Anna, 01660"
875,Sierra,Harris,Wyoming,"070 Brittany Vista, North Chris, 75949"
876,Carolyn,Spencer,New Jersey,"57793 Yvette Locks, South Aprilberg, 52128"
877,Kevin,Brown,Rhode Island,"199 Perry Burg, Matthewstown, 20749"
878,Olivia,Lara,Iowa,"21956 Duran Viaduct, Lake Cliffordburgh, 08007"
879,David,Kirby,Kansas,"388 Scott Loop, Lisaberg, 25076"
880,Caroline,Mcguire,North Dakota,"387 Richard Run, Cherylville, 78058"
881,Bryan,Sanders,Maryland,"4334 Randolph Drive Suite 585, Lake Parker, 13058"
882,Christopher,Casey,Tennessee,"18720 Massey Parkways, South Erinshire, 66188"
883,Michelle,Fischer,Vermont,"662 Garcia Run Suite 095, Smithshire, 99266"
884,Emma,Todd,Illinois,"92237 Lewis Estate, Brianmouth, 76078"
885,Anna,Myers,Virginia,"4418 Wilson Underpass, Lake Sharon, 47171"
886,Becky,Tanner,Delaware,"2288 Olson Village Apt. 351, West Kimberlyton, 72250"
887,Eugene,Wood,Utah,"528 Donna Trafficway, East Barbara, 49878"
888,Felicia,Vaughn,Michigan,"6694 Eric Ramp Suite 371, South Abigail, 14873"
889,Elizabeth,Herrera,Virginia,"74876 Jones Ridge Apt. 751, Lake Michaelside, 03550"
890,Carol,Martinez,Michigan,"7524 Green Lake Apt. 920, Port Feliciafurt, 02038"
891,Julia,Strickland,North Dakota,"18362 Angela Park, North Michaelton, 67104"
892,Rebecca,Anderson,Nebraska,"91824 Miguel Fields Apt. 425, Lake Jane, 40046"
893,Timothy,Alvarez,Montana,"131 Sylvia Terrace, Shawnashire, 63345"
894,Brandi,Barber,Idaho,"8469 Kelly Loaf Suite 026, Smithbury, 71061"
895,Debra,Mccullough,Utah,"45096 Russell Heights Suite 683, New John, 57515"
896,Joy,Henderson,Delaware,"8326 Sanders Parkways, East Timothy, 10484"
897,Pam,Morris,Vermont,"47186 Williams Summit, Allenton, 20534"
898,Jill,Walker,Connecticut,"1839 Reynolds Place Apt. 764, Sarachester, 28539"
899,Brandon,Boyd,Hawaii,"5354 Tucker Flat Apt. 035, Rodriguezside, 47148"
900,Morgan,Stone,Wisconsin,"9378 Scott Locks Apt. 366, Lanceburgh, 74536"
901,Larry,Hall,Kentucky,"1411 Paul Fort Suite 442, South Timothy, 45509"
902,Traci,Ibarra,Maryland,"751 Frye Terrace Suite 016, New Cynthiachester, 02276"
903,Nathan,Bullock,Iowa,"809 Diane Spur Apt. 983, South Victoria, 24543"
904,Anna,Smith,Ohio,"42822 Antonio Lakes, New Joshuahaven, 79501"
905,Dennis,Walker,Hawaii,"9428 Hayden Hills, Marshallfort, 02762"
906,Ronald,Cross,Minnesota,"4485 Michael Crossing Suite 507, Jacobville, 72084"
907,Rachel,Moore,Ohio,"11983 Sara Oval, South Joan, 17790"
908,Jared,Lowery,Florida,"02719 Schneider Station, Port Jameshaven, 42491"
909,Randy,Barrett,Delaware,"7493 Ronald Center Apt. 823, Port Stephanie, 09950"
910,Alexandra,Freeman,North Dakota,"619 Boyd Light Suite 427, Esteschester, 24237"
911,Michael,Suarez,Vermont,"645 Michelle Green Suite 151, Lake Jay, 86531"
912,Christopher,Garcia,Tennessee,"8919 Vanessa Brooks Apt. 643, Russellshire, 88632"
913,Julie,Vasquez,Georgia,"9704 Vaughan Brooks, Jamesside, 70722"
914,Tina,Ayala,New Hampshire,"626 Roberson View, East Codystad, 07764"
915,Michael,Fox,Arizona,"1180 Gonzalez Causeway, Murrayfort, 38086"
916,Darlene,Montgomery,Maryland,"9986 Michelle Ranch, Masonfort, 81893"
917,Andrew,Martinez,Illinois,"7159 Davis Tunnel Apt. 847, Port Jessicafurt, 20698"
918,Andrew,Rivera,Arizona,"47449 Moore Corners Suite 313, Courtneyshire, 76719"
919,Rebecca,Morgan,Arkansas,"628 Rodriguez Key Suite 910, East Dwayneland, 98011"
920,Kevin,Russell,Wyoming,"392 Jason Island, Stewartland, 65033"
921,Paul,Richardson,Montana,"1467 Corey Islands Apt. 686, West Danielle, 09509"
922,Gregory,Flores,California,"0685 Lambert Lodge Apt. 130, North Christopher, 24346"
923,Troy,Valdez,New Mexico,"847 Donna Ways, North Marcville, 94389"
924,Michael,Carr,Wisconsin,"0543 Anita Creek Apt. 278, Heatherhaven, 69716"
925,Tammy,Cochran,Rhode Island,"5872 Sarah Shore, South Susanborough, 44928"
926,Roger,Miller,Alabama,"593 George Key, New Cheryl, 33987"
927,Amanda,Moon,Hawaii,"5304 April Walk Apt. 394, Woodshaven, 81509"
928,Gabriel,Rodgers,Washington,"8565 Martin Roads Apt. 249, Bonillaburgh, 22726"
929,Michael,Conway,Hawaii,"629 Eric Turnpike Suite 777, South Lorettachester, 52239"
930,Brooke,Vargas,Pennsylvania,"9079 Taylor Dam, North Tina, 64418"
931,Laurie,Hines,West Virginia,"24472 Lisa Meadow, Garzastad, 82136"
932,Mackenzie,Foster,Colorado,"238 Jeffery Island Suite 095, West Donald, 22764"
933,Melinda,Guzman,Arizona,"9771 Herrera Fields Suite 407, North Christopherport, 42377"
934,Sally,Brown,Pennsylvania,"465 Lewis Trail, Contrerasmouth, 14809"
935,Brittany,Stark,Maryland,"924 Dominic Port Suite 865, Anthonyborough, 67661"
936,Tanner,Martin,Ohio,"52949 Anna Manor Suite 587, Williamsville, 31997"
937,Justin,Cox,New Jersey,"29019 Lopez Ferry, North Frankstad, 68531"
938,Melanie,Thomas,California,"38954 Anna Cliff Suite 148, East Patriciaport, 86583"
939,Maxwell,Bishop,Ohio,"3826 Jennifer Corners, Moniqueton, 99790"
940,James,Wagner,Oregon,"7888 Kendra Tunnel, Emmahaven, 88682"
941,Adam,Hopkins,Mississippi,"854 Robert Unions Suite 249, Wallstown, 80512"
942,Emily,Ross,New Jersey,"25489 Brown Mall, Lake Kellyshire, 19556"
943,Kelly,Jackson,Wyoming,"881 Green Inlet, Evansmouth, 35166"
944,Michael,Jones,Georgia,"18888 Gonzales Stravenue, Ernestton, 85014"
945,Mark,Brewer,Oregon,"357 Michael Squares, South William, 25776"
946,Jennifer,Nelson,Ohio,"4165 Cobb Gateway Apt. 130, West Adamstad, 15206"
947,Amanda,Tucker,Delaware,"0575 Renee Prairie Suite 934, Keithfort, 15900"
948,Eric,Smith,Wisconsin,"7611 Blanchard Plain, Campbellbury, 45623"
949,Jasmine,Rivera,Oklahoma,"17582 Rachel Mountain, Jasonside, 47930"
950,James,Pittman,Pennsylvania,"095 Jenna Cape, New Candicechester, 87258"
951,Edward,King,Indiana,"3287 Cindy Camp Apt. 778, Vazquezbury, 69819"
952,Alexander,Bell,New Jersey,"913 Long Station, New Lucas, 47142"
953,Sydney,Hayes,South Dakota,"12901 Roger Ridge, North Stacy, 87713"
954,Stephanie,Anthony,Oregon,"75581 Soto Hill, West Jasmineside, 04965"
955,Paul,Fox,Texas,"022 Nichols Dam, East Chadtown, 24621"
956,Christopher,Wells,Connecticut,"8123 Wagner Ridge, Allisonburgh, 33875"
957,Joseph,Miller,Missouri,"0079 Maria Crossroad Suite 924, West Joan, 37489"
958,Cindy,Castro,Texas,"075 Smith Junction Suite 687, Sharonfort, 56181"
959,Timothy,Haynes,Nebraska,"290 Monica Gateway Apt. 516, West Jennifer, 57942"
960,Carl,Patel,Wyoming,"95171 Drake Shoal Suite 603, West Larrymouth, 13244"
961,Kristina,Chavez,Pennsylvania,"6236 Wood Manor, Lovetown, 74729"
962,Alexander,Wallace,Illinois,"980 Jamie Wall Apt. 318, Mariafort, 99850"
963,Keith,Curry,Washington,"6828 Rush Parks Apt. 808, Stephenmouth, 93972"
964,Amy,Morales,Delaware,"4751 Houston Port, East Loriton, 01120"
965,Michael,Williams,Wyoming,"175 Kelsey Fields, Jackhaven, 73632"
966,Sarah,Thomas,Georgia,"89469 Brendan Terrace, Pearsonton, 09560"
967,Amanda,Benitez,Missouri,"4613 Grimes Roads Suite 816, Jamesburgh, 09768"
968,Lindsey,Smith,Indiana,"602 Tonya Canyon Apt. 671, West Sydney, 38208"
969,Wanda,Martinez,Indiana,"4206 Marcus Centers Apt. 408, East Darrell, 14254"
970,Alyssa,Kelly,Texas,"3834 Toni Estate, North Manuel, 26350"
971,Timothy,Reid,Kansas,"19456 Brent Loaf, Raymondshire, 25792"
972,Jennifer,Garcia,Missouri,"17313 Kimberly Garden Suite 502, West Angie, 74581"
973,Charles,Buchanan,Maryland,"213 Hogan Burgs Apt. 308, Lake Barbara, 84784"
974,Ronald,Murphy,Oklahoma,"38425 Matthew Fords, New Michael, 78262"
975,Debra,Nunez,Nevada,"346 Bobby Field, Port Matthewport, 87565"
976,Brandon,Curtis,Nevada,"903 Jenkins Valley, Dunnfurt, 84874"
977,Nancy,Cunningham,Alabama,"0111 Garrison Circles Suite 612, South Brianborough, 25656"
978,Randy,Butler,Iowa,"06253 Tammy Point Apt. 945, Lewisfort, 38473"
979,Gerald,Armstrong,Arkansas,"282 Susan Branch, East Justin, 06307"
980,Julie,Riley,Michigan,"26963 Gonzalez Trafficway, North Christopher, 77091"
981,Dennis,Kelley,South Dakota,"19076 Christopher Row Suite 625, South Jeffrey, 56553"
982,Anthony,Salazar,Arizona,"10053 Jackson Walk, Mariahmouth, 56432"
983,Anthony,Kemp,Maine,"230 Davis Burgs Apt. 542, West Deannaborough, 95463"
984,Derrick,Knight,Idaho,"2038 Charles Avenue, Stanleyberg, 95013"
985,Kimberly,Wong,Connecticut,"9239 Anthony Corners, South Jose, 83300"
986,Alexander,Blair,Maryland,"05095 Glass Springs Suite 801, Waltershire, 29382"
987,Jason,Anthony,Kansas,"796 Young Expressway Apt. 558, West Peterside, 17769"
988,Amy,Cuevas,California,"3217 David Centers, Port Rachelport, 38519"
989,Benjamin,Briggs,Kansas,"69870 David Club Apt. 346, New Betty, 38519"
990,Kimberly,Kent,New Jersey,"78569 Zachary Stravenue Suite 404, Laurenshire, 13293"
991,John,Larson,Oregon,"956 Angela Parkway, Millerhaven, 52174"
992,Matthew,Walter,South Dakota,"2570 Davis Center Suite 266, Port Josephmouth, 26888"
993,Hector,Davis,Delaware,"5429 Rogers Keys Suite 138, Lake Kathryn, 75493"
994,Brittney,Esparza,Hawaii,"347 Jennifer Overpass Suite 129, Port Anthonyland, 95710"
995,Lance,Buchanan,New York,"93540 Jill Circles Suite 076, West Jessica, 11065"
996,Hannah,Jones,Oklahoma,"1074 Joe Lane Apt. 851, North Kyle, 28074"
997,Maria,Hart,Nebraska,"90376 Hicks Hills, Lake Michaelashire, 16072"
998,Leah,Brown,Ohio,"25495 Mary Loop, Thomasville, 83680"
999,Katie,Willis,Kansas,"07820 Young Pine Suite 500, Walkerbury, 15933"
1000,Alyssa,Conley,Ohio,"77735 Glenn Squares, New Maria, 04750"
