order_id,order_date,customer_id,order_status,product_id,seller_id,
1,3/4/2024,990,Shipped,199,87,
2,12/12/2024,910,Delivered,483,36,
3,4/24/2024,113,Cancelled,272,74,
4,3/25/2024,359,Shipped,380,77,
5,6/26/2024,130,Shipped,382,94,
6,6/18/2024,430,Pending,343,33,
7,7/2/2024,908,Cancelled,91,7,
8,6/11/2024,721,Shipped,167,48,
9,3/13/2024,974,Delivered,284,29,
10,2/16/2024,52,Delivered,281,7,
11,7/11/2024,851,Cancelled,500,94,
12,5/15/2024,885,Cancelled,338,13,
13,5/5/2024,666,Delivered,463,47,
14,2/18/2024,608,Shipped,141,80,
15,1/6/2025,158,Cancelled,186,97,
16,4/21/2024,115,Pending,190,5,
17,10/30/2024,838,Pending,230,72,
18,9/13/2024,791,Pending,441,54,
19,7/10/2024,255,Cancelled,60,56,
20,7/18/2024,769,Pending,149,49,
21,10/23/2024,103,Pending,285,40,
22,7/1/2024,405,Pending,330,67,
23,2/15/2024,280,Cancelled,122,45,
24,2/15/2024,270,Delivered,445,67,
25,10/19/2024,68,Delivered,38,76,
26,12/30/2024,707,Cancelled,32,4,
27,11/3/2024,500,Pending,82,24,
28,11/27/2024,201,Shipped,478,82,
29,6/7/2024,376,Shipped,497,11,
30,1/23/2025,448,Shipped,174,65,
31,11/14/2024,27,Delivered,52,96,
32,5/30/2024,116,Cancelled,45,24,
33,9/6/2024,306,Shipped,139,47,
34,6/12/2024,306,Pending,253,21,
35,8/28/2024,26,Cancelled,281,87,
36,2/27/2024,108,Pending,265,59,
37,3/13/2024,897,Shipped,28,71,
38,11/15/2024,239,Delivered,239,44,
39,8/24/2024,986,Shipped,172,68,
40,4/21/2024,642,Cancelled,306,50,
41,1/1/2025,11,Delivered,34,32,
42,11/10/2024,656,Shipped,466,77,
43,3/7/2024,376,Pending,377,43,
44,9/27/2024,933,Pending,62,46,
45,11/25/2024,733,Cancelled,175,45,
46,12/24/2024,632,Cancelled,219,57,
47,9/14/2024,988,Delivered,74,28,
48,5/11/2024,522,Pending,379,57,
49,2/25/2024,596,Delivered,86,81,
50,1/2/2025,199,Delivered,328,67,
51,8/18/2024,210,Pending,391,38,
52,9/16/2024,602,Pending,158,7,
53,11/13/2024,331,Cancelled,369,36,
54,7/20/2024,399,Shipped,221,55,
55,10/22/2024,691,Shipped,15,19,
56,5/22/2024,427,Cancelled,6,83,
57,9/20/2024,678,Shipped,365,95,
58,8/9/2024,626,Pending,333,7,
59,3/18/2024,18,Pending,270,73,
60,10/9/2024,527,Delivered,65,69,
61,11/27/2024,929,Cancelled,197,51,
62,4/18/2024,973,Pending,310,23,
63,12/20/2024,672,Shipped,305,30,
64,1/3/2025,320,Delivered,28,16,
65,1/31/2025,369,Pending,177,71,
66,5/14/2024,498,Pending,408,62,
67,10/20/2024,136,Pending,463,73,
68,11/26/2024,551,Delivered,117,46,
69,5/15/2024,436,Shipped,383,96,
70,10/19/2024,884,Shipped,345,70,
71,8/10/2024,578,Cancelled,341,1,
72,3/6/2024,853,Cancelled,232,93,
73,7/8/2024,259,Delivered,34,34,
74,9/23/2024,494,Pending,36,68,
75,5/9/2024,359,Delivered,328,32,
76,9/4/2024,276,Delivered,233,44,
77,10/26/2024,630,Cancelled,19,34,
78,2/12/2024,511,Pending,264,30,
79,4/28/2024,351,Cancelled,51,10,
80,10/15/2024,248,Delivered,284,4,
81,8/16/2024,414,Cancelled,474,30,
82,7/17/2024,379,Delivered,469,46,
83,11/28/2024,409,Cancelled,299,8,
84,11/28/2024,147,Shipped,493,78,
85,2/1/2025,71,Delivered,63,6,
86,3/20/2024,968,Delivered,420,29,
87,11/9/2024,870,Pending,162,6,
88,9/30/2024,233,Cancelled,280,65,
89,8/16/2024,602,Cancelled,356,94,
90,6/17/2024,442,Shipped,460,78,
91,10/14/2024,787,Pending,474,73,
92,2/2/2025,147,Delivered,203,51,
93,5/9/2024,428,Cancelled,293,98,
94,2/1/2025,448,Pending,35,92,
95,7/4/2024,906,Shipped,65,71,
96,11/29/2024,611,Shipped,122,22,
97,11/17/2024,545,Cancelled,490,62,
98,8/2/2024,834,Shipped,50,5,
99,8/14/2024,990,Shipped,411,35,
100,10/25/2024,40,Pending,8,26,
101,1/23/2025,230,Delivered,1,9,
102,3/14/2024,25,Shipped,453,19,
103,5/13/2024,398,Shipped,78,5,
104,10/24/2024,252,Delivered,303,54,
105,7/1/2024,755,Cancelled,424,80,
106,1/6/2025,550,Pending,253,89,
107,11/18/2024,227,Shipped,354,47,
108,10/6/2024,389,Shipped,357,44,
109,11/13/2024,434,Pending,251,100,
110,2/15/2024,74,Delivered,209,95,
111,10/6/2024,609,Delivered,6,82,
112,12/13/2024,584,Shipped,238,43,
113,8/21/2024,416,Delivered,324,73,
114,3/31/2024,885,Pending,16,90,
115,11/4/2024,28,Pending,220,47,
116,12/7/2024,800,Pending,23,3,
117,2/17/2024,148,Shipped,488,93,
118,11/30/2024,786,Cancelled,61,87,
119,10/31/2024,722,Delivered,166,51,
120,12/17/2024,211,Cancelled,421,65,
121,9/27/2024,832,Cancelled,369,50,
122,12/9/2024,248,Cancelled,279,62,
123,9/18/2024,208,Pending,433,100,
124,5/7/2024,408,Pending,261,64,
125,6/12/2024,563,Cancelled,240,23,
126,10/27/2024,265,Delivered,50,82,
127,9/6/2024,838,Shipped,214,37,
128,10/1/2024,403,Shipped,436,71,
129,5/14/2024,796,Delivered,329,16,
130,12/3/2024,908,Pending,243,73,
131,5/26/2024,668,Pending,255,7,
132,2/12/2024,304,Delivered,247,81,
133,8/28/2024,355,Cancelled,468,60,
134,11/22/2024,130,Cancelled,213,70,
135,4/11/2024,894,Cancelled,445,46,
136,6/9/2024,444,Delivered,407,85,
137,8/15/2024,354,Cancelled,405,20,
138,4/10/2024,256,Shipped,172,98,
139,1/30/2025,777,Delivered,305,32,
140,10/29/2024,172,Shipped,387,85,
141,10/26/2024,400,Delivered,195,75,
142,7/5/2024,597,Pending,192,64,
143,10/31/2024,736,Pending,477,59,
144,6/16/2024,61,Cancelled,163,92,
145,11/12/2024,681,Shipped,492,70,
146,3/4/2024,725,Shipped,249,47,
147,1/8/2025,69,Shipped,433,69,
148,11/22/2024,248,Pending,460,20,
149,7/14/2024,285,Shipped,197,7,
150,5/12/2024,592,Pending,478,37,
151,6/17/2024,881,Delivered,17,15,
152,2/8/2025,874,Cancelled,431,87,
153,4/3/2024,923,Delivered,420,13,
154,3/3/2024,88,Delivered,265,78,
155,7/30/2024,849,Cancelled,352,19,
156,5/11/2024,174,Pending,368,3,
157,3/25/2024,310,Pending,233,41,
158,7/27/2024,436,Delivered,56,32,
159,1/25/2025,933,Delivered,56,90,
160,7/10/2024,171,Cancelled,444,48,
161,8/7/2024,155,Delivered,74,46,
162,6/18/2024,609,Delivered,238,78,
163,5/5/2024,409,Pending,418,90,
164,7/20/2024,569,Shipped,454,89,
165,3/2/2024,778,Cancelled,421,19,
166,8/6/2024,891,Pending,88,86,
167,2/21/2024,158,Shipped,35,41,
168,7/4/2024,134,Cancelled,457,36,
169,6/7/2024,966,Pending,1,92,
170,7/9/2024,11,Shipped,235,44,
171,9/5/2024,192,Delivered,455,80,
172,8/21/2024,777,Cancelled,360,6,
173,9/22/2024,51,Delivered,323,99,
174,11/22/2024,291,Shipped,337,5,
175,1/4/2025,766,Delivered,44,84,
176,1/30/2025,49,Pending,247,90,
177,8/10/2024,464,Cancelled,292,27,
178,3/6/2024,480,Shipped,221,4,
179,7/28/2024,483,Delivered,248,50,
180,11/8/2024,809,Delivered,412,23,
181,12/24/2024,900,Shipped,195,65,
182,12/19/2024,901,Shipped,384,61,
183,5/2/2024,636,Shipped,16,79,
184,12/6/2024,43,Pending,196,68,
185,1/25/2025,663,Cancelled,340,52,
186,12/5/2024,903,Shipped,450,75,
187,4/1/2024,834,Shipped,385,84,
188,3/4/2024,970,Shipped,44,49,
189,9/9/2024,861,Pending,31,45,
190,7/27/2024,365,Delivered,416,59,
191,2/4/2025,780,Pending,148,39,
192,10/23/2024,354,Pending,327,71,
193,10/6/2024,277,Cancelled,424,38,
194,12/15/2024,815,Shipped,171,6,
195,1/19/2025,549,Shipped,183,38,
196,9/25/2024,941,Pending,260,33,
197,2/7/2025,332,Delivered,121,63,
198,2/13/2024,892,Shipped,31,59,
199,10/27/2024,806,Shipped,418,60,
200,6/4/2024,542,Delivered,30,16,
201,1/15/2025,356,Delivered,354,93,
202,8/24/2024,821,Pending,359,80,
203,11/13/2024,815,Pending,237,4,
204,8/4/2024,914,Delivered,314,61,
205,2/3/2025,906,Pending,459,82,
206,5/6/2024,637,Shipped,279,21,
207,7/5/2024,452,Shipped,289,19,
208,10/1/2024,422,Shipped,426,87,
209,5/24/2024,165,Cancelled,405,92,
210,11/6/2024,765,Shipped,189,24,
211,11/3/2024,380,Cancelled,447,38,
212,9/16/2024,985,Cancelled,61,83,
213,1/5/2025,750,Delivered,177,45,
214,11/11/2024,297,Pending,488,42,
215,2/8/2025,655,Shipped,231,38,
216,8/24/2024,108,Pending,13,51,
217,5/31/2024,305,Cancelled,227,35,
218,1/13/2025,86,Delivered,153,3,
219,6/12/2024,324,Pending,357,62,
220,2/8/2025,954,Delivered,169,34,
221,11/13/2024,47,Pending,492,16,
222,1/15/2025,616,Cancelled,52,76,
223,4/16/2024,59,Pending,225,58,
224,1/28/2025,573,Pending,265,62,
225,7/25/2024,714,Delivered,392,39,
226,10/30/2024,107,Pending,12,81,
227,9/15/2024,335,Pending,287,59,
228,4/6/2024,924,Delivered,427,20,
229,4/19/2024,678,Pending,488,53,
230,10/18/2024,211,Delivered,392,91,
231,8/3/2024,846,Pending,469,80,
232,1/28/2025,33,Pending,371,50,
233,10/26/2024,697,Cancelled,345,4,
234,4/14/2024,133,Cancelled,130,86,
235,11/17/2024,920,Shipped,156,65,
236,7/20/2024,530,Pending,247,6,
237,5/28/2024,607,Cancelled,381,16,
238,1/14/2025,629,Pending,453,24,
239,7/19/2024,888,Shipped,429,24,
240,7/14/2024,599,Pending,90,52,
241,8/24/2024,968,Shipped,263,82,
242,4/17/2024,426,Shipped,312,27,
243,6/11/2024,102,Delivered,264,55,
244,5/22/2024,910,Shipped,40,68,
245,12/1/2024,637,Shipped,425,85,
246,11/29/2024,794,Pending,354,39,
247,7/12/2024,694,Delivered,255,67,
248,11/14/2024,583,Shipped,126,39,
249,4/21/2024,473,Cancelled,423,13,
250,2/15/2024,705,Cancelled,455,26,
251,2/13/2024,119,Shipped,455,53,
252,5/16/2024,65,Delivered,246,62,
253,8/15/2024,301,Shipped,383,66,
254,10/8/2024,301,Pending,313,58,
255,6/17/2024,682,Pending,119,34,
256,10/22/2024,441,Shipped,357,44,
257,6/8/2024,837,Pending,456,25,
258,5/29/2024,619,Shipped,89,63,
259,10/17/2024,171,Cancelled,92,4,
260,7/19/2024,310,Shipped,369,59,
261,4/19/2024,16,Pending,176,23,
262,9/7/2024,42,Pending,334,61,
263,8/13/2024,554,Pending,418,12,
264,11/20/2024,563,Shipped,135,27,
265,3/13/2024,709,Shipped,330,65,
266,7/21/2024,9,Cancelled,366,32,
267,5/13/2024,22,Shipped,10,99,
268,1/11/2025,126,Cancelled,54,96,
269,11/13/2024,464,Delivered,320,70,
270,1/25/2025,846,Pending,377,54,
271,10/23/2024,279,Cancelled,414,60,
272,3/17/2024,239,Delivered,228,7,
273,6/16/2024,259,Shipped,458,64,
274,5/24/2024,791,Delivered,484,88,
275,4/20/2024,226,Shipped,430,5,
276,10/4/2024,323,Pending,392,97,
277,6/12/2024,82,Cancelled,89,44,
278,8/14/2024,222,Delivered,406,47,
279,3/22/2024,897,Cancelled,145,28,
280,4/14/2024,356,Shipped,25,20,
281,9/12/2024,169,Cancelled,298,56,
282,2/25/2024,857,Shipped,334,8,
283,7/20/2024,694,Delivered,455,63,
284,6/23/2024,774,Pending,166,69,
285,2/18/2024,479,Cancelled,62,72,
286,12/6/2024,754,Pending,124,49,
287,10/7/2024,636,Shipped,418,56,
288,7/25/2024,481,Cancelled,176,68,
289,11/28/2024,236,Pending,300,72,
290,7/12/2024,715,Cancelled,183,85,
291,9/27/2024,35,Shipped,75,37,
292,3/5/2024,840,Delivered,498,91,
293,5/6/2024,334,Delivered,89,84,
294,3/13/2024,209,Delivered,323,93,
295,1/12/2025,116,Delivered,465,28,
296,12/20/2024,404,Shipped,344,91,
297,11/29/2024,112,Shipped,81,71,
298,8/20/2024,1000,Pending,77,90,
299,6/4/2024,987,Cancelled,189,31,
300,6/18/2024,577,Shipped,235,43,
301,11/25/2024,69,Cancelled,490,41,
302,2/2/2025,331,Delivered,461,34,
303,9/30/2024,59,Cancelled,60,8,
304,12/10/2024,480,Cancelled,454,23,
305,8/1/2024,703,Delivered,408,98,
306,1/24/2025,366,Pending,397,73,
307,9/13/2024,467,Shipped,290,64,
308,10/25/2024,174,Pending,429,59,
309,1/19/2025,627,Shipped,438,85,
310,3/21/2024,175,Delivered,233,58,
311,7/31/2024,768,Shipped,57,22,
312,7/16/2024,521,Shipped,364,42,
313,4/25/2024,854,Pending,481,75,
314,4/3/2024,158,Cancelled,179,95,
315,12/5/2024,206,Shipped,448,85,
316,3/2/2024,374,Cancelled,331,9,
317,7/26/2024,22,Shipped,325,14,
318,11/3/2024,1000,Pending,332,78,
319,11/27/2024,564,Pending,256,14,
320,1/19/2025,373,Shipped,430,8,
321,11/21/2024,979,Pending,274,19,
322,7/13/2024,498,Delivered,16,17,
323,7/13/2024,17,Shipped,437,31,
324,3/6/2024,154,Shipped,467,15,
325,5/15/2024,661,Pending,417,68,
326,11/18/2024,63,Cancelled,439,60,
327,12/21/2024,402,Delivered,71,58,
328,9/28/2024,526,Delivered,308,89,
329,3/9/2024,530,Cancelled,313,57,
330,10/21/2024,630,Delivered,88,14,
331,12/21/2024,368,Shipped,7,46,
332,1/15/2025,421,Pending,490,87,
333,11/18/2024,54,Pending,372,69,
334,10/7/2024,991,Delivered,170,38,
335,5/20/2024,458,Shipped,16,4,
336,2/5/2025,312,Cancelled,379,66,
337,1/10/2025,454,Delivered,469,80,
338,9/19/2024,273,Pending,356,15,
339,6/7/2024,23,Shipped,51,51,
340,12/1/2024,854,Shipped,465,100,
341,5/9/2024,814,Cancelled,480,77,
342,3/7/2024,928,Shipped,48,69,
343,11/18/2024,697,Delivered,172,10,
344,12/12/2024,279,Cancelled,150,16,
345,6/2/2024,902,Shipped,167,44,
346,1/20/2025,88,Delivered,266,46,
347,12/5/2024,346,Shipped,377,29,
348,7/31/2024,133,Cancelled,276,15,
349,1/31/2025,81,Shipped,346,93,
350,4/12/2024,894,Shipped,158,94,
351,10/12/2024,272,Cancelled,208,93,
352,12/8/2024,559,Cancelled,465,56,
353,2/14/2024,503,Cancelled,31,93,
354,8/13/2024,151,Delivered,453,64,
355,11/30/2024,295,Cancelled,213,99,
356,1/8/2025,991,Cancelled,436,54,
357,5/13/2024,48,Delivered,340,38,
358,9/16/2024,789,Pending,279,59,
359,2/18/2024,72,Shipped,319,53,
360,3/31/2024,676,Delivered,437,79,
361,9/20/2024,821,Shipped,44,72,
362,5/25/2024,188,Shipped,123,26,
363,9/25/2024,273,Shipped,105,16,
364,8/31/2024,463,Cancelled,125,93,
365,3/18/2024,203,Cancelled,222,45,
366,7/21/2024,996,Cancelled,386,28,
367,12/13/2024,340,Delivered,87,93,
368,9/4/2024,608,Cancelled,432,20,
369,7/6/2024,578,Shipped,408,92,
370,5/29/2024,539,Pending,296,56,
371,9/11/2024,388,Cancelled,170,62,
372,1/27/2025,621,Cancelled,6,12,
373,4/13/2024,445,Shipped,472,24,
374,3/16/2024,991,Pending,337,9,
375,5/27/2024,122,Delivered,71,57,
376,2/21/2024,322,Delivered,296,31,
377,11/23/2024,529,Shipped,180,55,
378,6/21/2024,888,Shipped,484,67,
379,12/31/2024,161,Cancelled,464,44,
380,8/21/2024,61,Cancelled,224,72,
381,8/9/2024,240,Delivered,249,37,
382,2/8/2025,107,Cancelled,38,72,
383,1/5/2025,188,Shipped,420,85,
384,3/31/2024,339,Cancelled,49,43,
385,1/30/2025,328,Shipped,255,78,
386,10/1/2024,472,Pending,26,78,
387,4/29/2024,492,Shipped,269,80,
388,8/5/2024,482,Pending,444,84,
389,1/31/2025,923,Cancelled,460,40,
390,10/12/2024,478,Shipped,264,34,
391,11/11/2024,488,Shipped,45,12,
392,10/29/2024,661,Cancelled,8,24,
393,1/7/2025,711,Cancelled,273,19,
394,8/7/2024,500,Pending,313,23,
395,11/26/2024,758,Cancelled,94,90,
396,6/6/2024,276,Pending,107,65,
397,4/4/2024,605,Delivered,344,19,
398,2/19/2024,109,Pending,171,41,
399,3/5/2024,527,Cancelled,198,60,
400,11/14/2024,840,Delivered,450,9,
401,10/2/2024,409,Pending,108,11,
402,6/26/2024,369,Cancelled,264,44,
403,2/16/2024,661,Cancelled,8,46,
404,2/15/2024,129,Pending,334,22,
405,1/3/2025,685,Delivered,361,82,
406,8/3/2024,457,Cancelled,65,66,
407,9/21/2024,823,Shipped,376,29,
408,7/5/2024,954,Pending,290,42,
409,1/27/2025,627,Pending,280,16,
410,5/19/2024,742,Shipped,276,95,
411,10/3/2024,349,Delivered,387,7,
412,6/15/2024,339,Cancelled,379,44,
413,1/12/2025,477,Pending,68,79,
414,12/24/2024,262,Cancelled,336,77,
415,10/29/2024,793,Pending,177,60,
416,6/11/2024,127,Delivered,146,55,
417,11/26/2024,879,Shipped,45,71,
418,9/16/2024,626,Cancelled,26,61,
419,1/1/2025,857,Shipped,49,57,
420,11/1/2024,237,Cancelled,312,3,
421,1/15/2025,700,Cancelled,8,7,
422,11/22/2024,483,Delivered,58,91,
423,7/28/2024,467,Delivered,445,90,
424,6/23/2024,752,Cancelled,404,51,
425,7/19/2024,52,Shipped,357,56,
426,1/26/2025,699,Pending,462,83,
427,5/28/2024,491,Cancelled,253,30,
428,6/30/2024,61,Delivered,53,100,
429,7/29/2024,630,Shipped,175,74,
430,10/31/2024,738,Pending,59,94,
431,3/16/2024,822,Delivered,419,33,
432,3/23/2024,536,Delivered,377,55,
433,11/13/2024,433,Delivered,370,74,
434,9/23/2024,891,Delivered,410,61,
435,8/17/2024,882,Pending,251,97,
436,2/22/2024,737,Delivered,291,56,
437,12/11/2024,964,Delivered,191,71,
438,5/6/2024,471,Cancelled,49,12,
439,5/3/2024,281,Delivered,461,73,
440,9/6/2024,142,Shipped,290,30,
441,1/24/2025,285,Delivered,183,50,
442,5/14/2024,436,Shipped,219,89,
443,10/27/2024,981,Shipped,178,94,
444,7/24/2024,679,Delivered,443,50,
445,4/8/2024,616,Cancelled,60,40,
446,8/20/2024,959,Cancelled,389,70,
447,8/11/2024,222,Cancelled,354,39,
448,2/21/2024,886,Cancelled,88,69,
449,3/27/2024,362,Shipped,43,48,
450,4/11/2024,17,Pending,313,8,
451,9/9/2024,403,Cancelled,113,87,
452,7/7/2024,236,Pending,189,49,
453,3/6/2024,747,Cancelled,100,28,
454,5/12/2024,684,Delivered,26,27,
455,6/15/2024,761,Pending,408,27,
456,7/17/2024,248,Cancelled,402,77,
457,10/3/2024,974,Shipped,175,27,
458,4/26/2024,672,Shipped,346,98,
459,4/18/2024,628,Delivered,48,43,
460,4/13/2024,626,Shipped,461,19,
461,7/11/2024,119,Delivered,319,44,
462,3/22/2024,913,Shipped,138,75,
463,7/24/2024,144,Shipped,155,59,
464,12/7/2024,849,Delivered,214,52,
465,9/6/2024,480,Delivered,59,29,
466,10/27/2024,963,Cancelled,8,1,
467,3/26/2024,489,Delivered,322,49,
468,11/20/2024,839,Delivered,358,42,
469,4/21/2024,368,Delivered,121,47,
470,1/17/2025,519,Pending,378,33,
471,12/31/2024,305,Shipped,174,57,
472,12/3/2024,475,Delivered,134,21,
473,6/16/2024,511,Pending,196,55,
474,11/12/2024,967,Pending,298,45,
475,11/25/2024,71,Shipped,90,11,
476,1/3/2025,827,Cancelled,70,91,
477,9/4/2024,420,Shipped,334,10,
478,7/12/2024,847,Shipped,189,49,
479,3/27/2024,104,Pending,37,56,
480,6/29/2024,759,Cancelled,453,79,
481,6/2/2024,566,Pending,268,46,
482,4/19/2024,391,Cancelled,350,33,
483,12/18/2024,776,Cancelled,498,55,
484,8/9/2024,557,Pending,47,27,
485,2/26/2024,703,Delivered,407,51,
486,12/24/2024,947,Pending,288,27,
487,10/25/2024,42,Cancelled,145,49,
488,6/12/2024,68,Pending,396,49,
489,3/18/2024,822,Delivered,217,67,
490,7/24/2024,977,Delivered,41,19,
491,6/19/2024,429,Shipped,234,76,
492,5/23/2024,393,Shipped,290,25,
493,9/23/2024,247,Cancelled,3,73,
494,7/24/2024,277,Delivered,416,61,
495,7/12/2024,410,Shipped,406,18,
496,6/11/2024,835,Cancelled,302,71,
497,4/25/2024,505,Shipped,459,60,
498,4/30/2024,112,Delivered,382,25,
499,10/2/2024,695,Delivered,331,14,
500,11/21/2024,819,Shipped,91,27,
501,5/6/2024,839,Cancelled,344,76,
502,11/20/2024,839,Shipped,460,49,
503,9/14/2024,239,Shipped,39,33,
504,3/16/2024,527,Pending,353,37,
505,8/11/2024,425,Cancelled,209,62,
506,12/2/2024,218,Pending,96,14,
507,9/11/2024,408,Delivered,37,93,
508,8/15/2024,349,Pending,135,68,
509,3/29/2024,326,Shipped,388,88,
510,7/24/2024,678,Pending,167,38,
511,11/12/2024,956,Cancelled,151,55,
512,12/25/2024,119,Shipped,363,40,
513,9/11/2024,887,Cancelled,9,43,
514,8/8/2024,745,Shipped,481,78,
515,12/29/2024,406,Delivered,266,46,
516,11/28/2024,945,Cancelled,84,6,
517,6/25/2024,506,Cancelled,238,24,
518,5/24/2024,216,Delivered,296,29,
519,4/28/2024,632,Pending,11,99,
520,12/18/2024,66,Pending,424,21,
521,1/19/2025,143,Cancelled,222,65,
522,2/5/2025,196,Delivered,468,89,
523,8/14/2024,61,Cancelled,218,4,
524,4/24/2024,561,Shipped,340,51,
525,9/12/2024,239,Delivered,420,62,
526,8/3/2024,609,Delivered,42,20,
527,1/14/2025,32,Delivered,450,33,
528,7/2/2024,321,Pending,219,96,
529,12/25/2024,32,Shipped,198,25,
530,3/20/2024,152,Delivered,34,92,
531,5/22/2024,859,Delivered,43,81,
532,2/14/2024,176,Cancelled,342,48,
533,7/8/2024,572,Cancelled,118,61,
534,12/10/2024,97,Shipped,423,38,
535,8/27/2024,652,Cancelled,260,45,
536,7/26/2024,6,Pending,72,70,
537,7/21/2024,980,Cancelled,77,84,
538,1/8/2025,497,Cancelled,194,79,
539,11/22/2024,895,Delivered,113,86,
540,6/29/2024,111,Delivered,163,54,
541,10/20/2024,417,Shipped,218,95,
542,9/22/2024,653,Pending,276,98,
543,4/14/2024,865,Cancelled,491,94,
544,10/12/2024,364,Cancelled,239,60,
545,7/19/2024,375,Shipped,74,38,
546,5/12/2024,215,Delivered,69,77,
547,6/8/2024,7,Pending,412,27,
548,8/21/2024,483,Cancelled,201,93,
549,12/17/2024,419,Shipped,17,8,
550,10/4/2024,606,Delivered,448,95,
551,1/12/2025,282,Pending,351,2,
552,11/27/2024,334,Shipped,13,86,
553,12/20/2024,680,Cancelled,262,25,
554,12/1/2024,451,Shipped,402,76,
555,5/3/2024,729,Pending,128,90,
556,1/10/2025,940,Cancelled,11,59,
557,11/6/2024,269,Pending,8,60,
558,6/18/2024,129,Cancelled,260,1,
559,10/9/2024,626,Pending,378,73,
560,10/4/2024,738,Pending,184,74,
561,9/30/2024,430,Pending,69,12,
562,5/25/2024,846,Cancelled,322,100,
563,4/22/2024,85,Cancelled,17,64,
564,5/14/2024,77,Delivered,494,72,
565,4/20/2024,37,Delivered,426,65,
566,11/14/2024,46,Cancelled,98,89,
567,12/3/2024,71,Shipped,390,66,
568,9/8/2024,903,Pending,463,87,
569,10/27/2024,529,Shipped,171,70,
570,1/28/2025,703,Cancelled,480,64,
571,7/7/2024,282,Shipped,265,23,
572,4/3/2024,827,Cancelled,488,78,
573,3/12/2024,342,Pending,289,47,
574,4/21/2024,746,Pending,33,72,
575,12/22/2024,745,Delivered,320,10,
576,11/10/2024,818,Shipped,357,26,
577,4/16/2024,366,Delivered,296,19,
578,6/29/2024,364,Delivered,276,16,
579,9/23/2024,660,Shipped,12,32,
580,12/4/2024,469,Shipped,314,75,
581,9/19/2024,872,Shipped,363,33,
582,9/27/2024,701,Delivered,339,50,
583,12/16/2024,382,Shipped,78,15,
584,11/2/2024,745,Pending,135,87,
585,4/25/2024,577,Shipped,102,60,
586,11/7/2024,357,Shipped,148,75,
587,8/17/2024,706,Shipped,81,80,
588,9/10/2024,784,Shipped,496,90,
589,3/28/2024,909,Delivered,61,21,
590,12/31/2024,716,Cancelled,195,99,
591,10/4/2024,867,Pending,471,41,
592,8/11/2024,490,Pending,97,91,
593,3/25/2024,804,Cancelled,401,52,
594,12/20/2024,767,Shipped,295,62,
595,3/3/2024,444,Delivered,407,40,
596,7/12/2024,53,Shipped,365,65,
597,6/21/2024,157,Delivered,286,72,
598,8/27/2024,84,Delivered,345,56,
599,7/15/2024,489,Cancelled,45,72,
600,4/13/2024,199,Cancelled,261,15,
601,4/21/2024,424,Delivered,370,68,
602,10/3/2024,513,Delivered,207,31,
603,1/4/2025,856,Cancelled,308,69,
604,12/10/2024,618,Delivered,395,44,
605,5/14/2024,191,Shipped,314,51,
606,12/30/2024,609,Delivered,274,19,
607,11/1/2024,918,Shipped,258,8,
608,7/31/2024,862,Shipped,255,21,
609,11/20/2024,290,Shipped,295,67,
610,3/20/2024,88,Pending,50,77,
611,2/13/2024,400,Delivered,86,10,
612,12/18/2024,117,Pending,456,9,
613,8/12/2024,31,Delivered,87,14,
614,5/20/2024,87,Cancelled,473,42,
615,2/4/2025,487,Cancelled,249,92,
616,4/20/2024,121,Pending,214,81,
617,5/14/2024,932,Shipped,292,13,
618,3/8/2024,986,Delivered,445,50,
619,4/14/2024,672,Pending,348,87,
620,12/27/2024,244,Delivered,393,9,
621,4/3/2024,216,Delivered,33,56,
622,9/21/2024,370,Shipped,432,8,
623,5/23/2024,352,Shipped,496,20,
624,1/19/2025,357,Cancelled,339,93,
625,12/25/2024,444,Shipped,205,69,
626,11/26/2024,477,Pending,163,79,
627,1/2/2025,553,Shipped,470,57,
628,4/5/2024,269,Shipped,497,97,
629,7/27/2024,596,Cancelled,240,44,
630,3/14/2024,594,Pending,113,57,
631,12/16/2024,640,Delivered,4,84,
632,6/5/2024,975,Delivered,432,94,
633,2/16/2024,938,Cancelled,442,71,
634,5/5/2024,469,Cancelled,407,32,
635,5/24/2024,860,Delivered,233,15,
636,8/4/2024,837,Pending,119,67,
637,12/8/2024,974,Delivered,458,10,
638,3/27/2024,793,Shipped,235,11,
639,9/11/2024,511,Shipped,149,20,
640,9/8/2024,907,Pending,31,83,
641,12/7/2024,769,Pending,288,43,
642,5/17/2024,924,Delivered,455,36,
643,8/19/2024,245,Delivered,352,54,
644,6/21/2024,929,Delivered,328,42,
645,1/22/2025,97,Cancelled,11,78,
646,2/14/2024,47,Cancelled,378,79,
647,11/12/2024,868,Delivered,74,24,
648,9/3/2024,107,Delivered,212,85,
649,7/21/2024,612,Cancelled,499,94,
650,11/6/2024,507,Delivered,239,70,
651,8/15/2024,822,Pending,257,7,
652,2/21/2024,804,Delivered,278,15,
653,8/5/2024,61,Delivered,241,27,
654,7/17/2024,834,Pending,183,63,
655,2/4/2025,623,Delivered,83,34,
656,6/20/2024,707,Cancelled,263,56,
657,4/26/2024,685,Shipped,268,13,
658,6/13/2024,504,Delivered,307,64,
659,12/27/2024,285,Shipped,173,33,
660,5/1/2024,60,Cancelled,84,53,
661,3/29/2024,635,Shipped,155,53,
662,7/21/2024,949,Delivered,25,70,
663,5/5/2024,62,Shipped,415,66,
664,8/2/2024,864,Pending,143,61,
665,2/11/2025,727,Cancelled,234,45,
666,12/5/2024,772,Shipped,152,54,
667,8/6/2024,998,Pending,339,37,
668,8/14/2024,367,Delivered,363,82,
669,6/7/2024,888,Pending,233,72,
670,7/29/2024,34,Delivered,65,6,
671,8/20/2024,45,Delivered,110,46,
672,2/21/2024,39,Pending,476,98,
673,3/30/2024,362,Pending,372,10,
674,10/7/2024,940,Delivered,325,61,
675,1/11/2025,168,Shipped,271,23,
676,1/29/2025,515,Pending,55,29,
677,10/1/2024,895,Delivered,393,10,
678,1/12/2025,370,Cancelled,204,16,
679,8/24/2024,523,Cancelled,482,22,
680,5/3/2024,759,Pending,405,84,
681,9/25/2024,762,Shipped,379,83,
682,3/5/2024,136,Delivered,70,12,
683,2/14/2024,343,Shipped,341,51,
684,8/13/2024,341,Pending,84,52,
685,4/29/2024,308,Shipped,293,23,
686,6/13/2024,184,Delivered,131,12,
687,10/25/2024,716,Delivered,367,83,
688,11/9/2024,441,Delivered,342,61,
689,12/4/2024,765,Shipped,49,75,
690,11/22/2024,20,Pending,431,63,
691,7/26/2024,691,Shipped,367,22,
692,1/7/2025,235,Pending,213,37,
693,4/1/2024,195,Delivered,417,32,
694,1/14/2025,501,Shipped,102,95,
695,9/16/2024,654,Pending,2,100,
696,11/17/2024,901,Cancelled,171,4,
697,5/28/2024,4,Cancelled,384,46,
698,6/25/2024,292,Delivered,86,55,
699,4/18/2024,358,Delivered,486,28,
700,5/5/2024,781,Delivered,444,4,
701,8/9/2024,688,Shipped,359,38,
702,9/21/2024,65,Delivered,385,47,
703,11/14/2024,300,Cancelled,274,92,
704,5/24/2024,330,Shipped,170,74,
705,9/2/2024,275,Delivered,129,41,
706,1/12/2025,985,Shipped,355,80,
707,2/7/2025,205,Pending,491,37,
708,7/24/2024,818,Delivered,472,49,
709,2/18/2024,914,Cancelled,225,25,
710,3/29/2024,600,Pending,305,33,
711,7/23/2024,221,Shipped,301,3,
712,11/29/2024,572,Delivered,380,67,
713,6/12/2024,768,Pending,33,13,
714,1/16/2025,994,Cancelled,26,78,
715,4/13/2024,263,Delivered,229,25,
716,11/9/2024,346,Delivered,269,93,
717,6/19/2024,153,Delivered,24,77,
718,3/21/2024,534,Delivered,345,100,
719,11/3/2024,194,Delivered,288,79,
720,4/25/2024,726,Pending,389,58,
721,5/22/2024,727,Delivered,179,98,
722,4/17/2024,874,Delivered,348,54,
723,6/16/2024,332,Shipped,22,91,
724,11/5/2024,724,Shipped,80,68,
725,3/25/2024,296,Delivered,318,31,
726,8/15/2024,432,Pending,151,78,
727,5/28/2024,545,Delivered,424,2,
728,4/25/2024,361,Cancelled,208,1,
729,7/31/2024,219,Shipped,32,46,
730,10/14/2024,386,Pending,357,75,
731,2/16/2024,482,Delivered,383,93,
732,12/15/2024,255,Shipped,202,62,
733,5/13/2024,849,Shipped,172,1,
734,11/2/2024,117,Shipped,228,27,
735,11/3/2024,11,Shipped,293,70,
736,12/21/2024,521,Delivered,36,30,
737,6/22/2024,437,Pending,12,7,
738,1/10/2025,556,Cancelled,208,30,
739,7/15/2024,547,Cancelled,248,81,
740,7/21/2024,476,Pending,369,50,
741,6/19/2024,721,Shipped,460,22,
742,9/30/2024,849,Delivered,304,71,
743,12/27/2024,220,Pending,96,69,
744,4/22/2024,419,Shipped,311,95,
745,4/3/2024,335,Shipped,189,2,
746,7/25/2024,82,Delivered,405,36,
747,6/20/2024,514,Delivered,386,69,
748,7/24/2024,894,Pending,301,9,
749,4/24/2024,390,Shipped,209,4,
750,5/29/2024,55,Delivered,65,11,
751,7/11/2024,98,Pending,229,71,
752,9/14/2024,739,Cancelled,269,86,
753,2/2/2025,130,Pending,492,87,
754,4/5/2024,257,Cancelled,232,83,
755,3/15/2024,888,Pending,311,48,
756,4/18/2024,317,Delivered,221,71,
757,6/18/2024,355,Cancelled,117,8,
758,10/19/2024,801,Shipped,19,27,
759,7/5/2024,667,Cancelled,65,86,
760,2/14/2024,575,Shipped,372,42,
761,1/21/2025,344,Cancelled,23,73,
762,11/2/2024,349,Shipped,102,67,
763,4/26/2024,420,Cancelled,251,73,
764,2/16/2024,618,Shipped,65,94,
765,6/20/2024,781,Delivered,472,70,
766,5/9/2024,302,Cancelled,447,19,
767,5/17/2024,617,Cancelled,406,65,
768,4/2/2024,473,Delivered,137,86,
769,9/7/2024,580,Cancelled,333,32,
770,11/26/2024,636,Shipped,424,89,
771,12/29/2024,952,Cancelled,110,55,
772,12/5/2024,506,Cancelled,493,32,
773,1/8/2025,939,Shipped,53,34,
774,5/16/2024,366,Shipped,207,90,
775,12/7/2024,915,Delivered,13,42,
776,12/10/2024,219,Shipped,471,98,
777,2/5/2025,485,Shipped,201,34,
778,8/7/2024,548,Pending,35,79,
779,10/30/2024,257,Delivered,368,40,
780,8/28/2024,452,Pending,65,18,
781,6/20/2024,964,Delivered,103,27,
782,1/24/2025,363,Pending,198,84,
783,3/15/2024,544,Cancelled,348,14,
784,10/19/2024,141,Pending,195,97,
785,7/25/2024,514,Cancelled,118,67,
786,7/28/2024,373,Delivered,259,54,
787,5/21/2024,643,Delivered,351,94,
788,12/12/2024,738,Shipped,460,99,
789,1/11/2025,259,Shipped,467,86,
790,11/18/2024,343,Delivered,308,18,
791,7/2/2024,502,Cancelled,128,88,
792,10/2/2024,820,Shipped,4,34,
793,7/17/2024,380,Pending,237,6,
794,10/15/2024,198,Delivered,233,100,
795,7/11/2024,280,Shipped,40,2,
796,3/17/2024,145,Shipped,10,15,
797,1/7/2025,94,Cancelled,96,39,
798,8/29/2024,115,Pending,186,22,
799,9/18/2024,594,Delivered,96,71,
800,2/16/2024,279,Shipped,339,94,
801,3/6/2024,537,Shipped,16,33,
802,9/24/2024,105,Delivered,294,70,
803,4/20/2024,486,Cancelled,16,72,
804,7/22/2024,713,Delivered,301,39,
805,4/22/2024,997,Delivered,220,26,
806,10/20/2024,581,Shipped,368,28,
807,12/28/2024,973,Shipped,391,80,
808,11/13/2024,799,Pending,185,52,
809,7/14/2024,934,Pending,476,49,
810,4/21/2024,71,Shipped,113,59,
811,2/29/2024,520,Delivered,29,85,
812,8/4/2024,651,Pending,238,30,
813,2/21/2024,548,Cancelled,68,86,
814,8/11/2024,101,Shipped,160,28,
815,12/26/2024,970,Pending,330,96,
816,11/29/2024,297,Cancelled,22,40,
817,6/26/2024,591,Cancelled,173,34,
818,1/15/2025,237,Cancelled,138,94,
819,2/27/2024,990,Pending,112,12,
820,11/6/2024,263,Shipped,28,67,
821,12/16/2024,664,Cancelled,264,14,
822,8/18/2024,592,Shipped,481,18,
823,8/1/2024,241,Pending,462,77,
824,10/2/2024,463,Cancelled,325,57,
825,4/22/2024,86,Cancelled,113,11,
826,3/3/2024,912,Cancelled,236,21,
827,11/3/2024,573,Cancelled,377,17,
828,10/13/2024,44,Pending,373,73,
829,8/19/2024,534,Cancelled,9,31,
830,2/25/2024,114,Shipped,156,10,
831,7/4/2024,790,Shipped,410,1,
832,11/19/2024,513,Pending,408,51,
833,5/18/2024,770,Shipped,499,51,
834,8/26/2024,537,Pending,302,8,
835,6/4/2024,904,Cancelled,112,62,
836,8/1/2024,780,Delivered,104,14,
837,10/6/2024,501,Shipped,164,100,
838,8/19/2024,839,Pending,262,50,
839,4/8/2024,577,Cancelled,48,13,
840,1/11/2025,609,Shipped,385,41,
841,9/5/2024,249,Pending,447,53,
842,1/30/2025,787,Delivered,324,83,
843,10/13/2024,752,Delivered,310,17,
844,9/17/2024,348,Pending,3,46,
845,3/12/2024,434,Shipped,208,35,
846,9/13/2024,170,Shipped,79,60,
847,6/16/2024,940,Shipped,211,82,
848,8/5/2024,602,Delivered,285,10,
849,5/8/2024,298,Delivered,309,75,
850,10/31/2024,620,Cancelled,244,40,
851,11/3/2024,33,Delivered,269,6,
852,1/7/2025,123,Cancelled,481,37,
853,9/20/2024,560,Pending,334,87,
854,12/17/2024,138,Pending,28,72,
855,9/16/2024,11,Cancelled,377,84,
856,9/16/2024,175,Pending,62,57,
857,1/13/2025,934,Delivered,449,26,
858,9/19/2024,424,Cancelled,136,12,
859,2/12/2024,387,Cancelled,93,12,
860,12/26/2024,19,Pending,18,86,
861,10/28/2024,292,Cancelled,311,89,
862,4/21/2024,540,Shipped,5,6,
863,10/26/2024,581,Pending,444,64,
864,4/16/2024,960,Pending,308,89,
865,12/14/2024,458,Shipped,19,87,
866,8/5/2024,531,Pending,410,49,
867,9/23/2024,519,Shipped,71,100,
868,5/1/2024,512,Shipped,186,66,
869,3/30/2024,738,Pending,418,99,
870,9/29/2024,875,Pending,248,47,
871,12/31/2024,508,Shipped,445,4,
872,6/1/2024,447,Shipped,396,36,
873,3/14/2024,716,Delivered,461,95,
874,4/8/2024,991,Delivered,182,10,
875,8/28/2024,1000,Pending,336,46,
876,7/19/2024,416,Pending,186,43,
877,1/16/2025,120,Pending,181,74,
878,3/30/2024,207,Cancelled,100,66,
879,4/29/2024,288,Pending,229,49,
880,12/16/2024,514,Pending,89,25,
881,11/1/2024,637,Cancelled,196,2,
882,7/13/2024,553,Delivered,445,47,
883,1/9/2025,519,Pending,312,33,
884,5/27/2024,710,Shipped,255,31,
885,6/26/2024,147,Pending,193,41,
886,1/12/2025,886,Shipped,452,23,
887,10/3/2024,26,Cancelled,82,38,
888,8/26/2024,694,Delivered,261,8,
889,11/19/2024,319,Cancelled,57,79,
890,3/1/2024,210,Delivered,172,65,
891,8/15/2024,296,Delivered,150,9,
892,9/26/2024,743,Cancelled,432,78,
893,1/18/2025,965,Shipped,409,61,
894,8/27/2024,991,Shipped,196,29,
895,9/18/2024,484,Shipped,71,19,
896,9/25/2024,576,Cancelled,5,59,
897,8/9/2024,648,Delivered,426,89,
898,8/19/2024,377,Pending,271,40,
899,12/2/2024,425,Shipped,287,75,
900,11/23/2024,319,Delivered,45,66,
901,3/16/2024,639,Cancelled,76,16,
902,11/7/2024,132,Shipped,93,2,
903,3/11/2024,420,Delivered,200,3,
904,12/9/2024,883,Delivered,280,55,
905,6/8/2024,614,Cancelled,139,41,
906,5/12/2024,539,Shipped,313,100,
907,4/5/2024,549,Pending,470,29,
908,1/11/2025,592,Delivered,297,81,
909,12/31/2024,759,Pending,272,49,
910,7/31/2024,242,Shipped,202,46,
911,1/12/2025,863,Delivered,96,38,
912,6/10/2024,72,Delivered,286,18,
913,5/25/2024,612,Cancelled,230,85,
914,9/6/2024,195,Pending,194,47,
915,3/9/2024,575,Shipped,92,63,
916,6/12/2024,391,Shipped,149,70,
917,7/18/2024,162,Cancelled,93,65,
918,12/16/2024,291,Cancelled,168,47,
919,10/13/2024,952,Pending,59,66,
920,2/11/2025,831,Pending,297,49,
921,8/16/2024,453,Pending,153,40,
922,4/20/2024,880,Cancelled,62,83,
923,5/16/2024,694,Shipped,314,93,
924,7/23/2024,172,Pending,410,42,
925,8/7/2024,238,Shipped,390,4,
926,4/12/2024,67,Shipped,149,93,
927,12/1/2024,167,Pending,13,57,
928,5/30/2024,844,Delivered,317,73,
929,6/17/2024,148,Cancelled,388,37,
930,9/11/2024,824,Pending,27,84,
931,3/15/2024,378,Pending,441,60,
932,3/15/2024,295,Pending,104,81,
933,3/31/2024,384,Shipped,58,97,
934,10/27/2024,197,Pending,201,39,
935,4/6/2024,603,Pending,43,72,
936,8/25/2024,678,Cancelled,349,50,
937,4/29/2024,443,Delivered,132,41,
938,1/23/2025,454,Delivered,263,99,
939,2/7/2025,826,Delivered,336,79,
940,5/22/2024,784,Delivered,163,85,
941,9/20/2024,959,Delivered,262,41,
942,5/27/2024,693,Delivered,477,100,
943,5/29/2024,250,Cancelled,178,1,
944,6/27/2024,169,Delivered,4,18,
945,11/26/2024,897,Delivered,161,74,
946,4/18/2024,864,Delivered,461,8,
947,3/9/2024,197,Delivered,208,41,
948,4/12/2024,716,Delivered,207,2,
949,2/8/2025,765,Cancelled,407,30,
950,1/26/2025,519,Shipped,98,36,
951,6/13/2024,359,Pending,456,96,
952,12/26/2024,604,Pending,416,21,
953,6/20/2024,387,Shipped,463,12,
954,5/20/2024,45,Shipped,324,94,
955,10/30/2024,48,Pending,136,25,
956,8/28/2024,718,Shipped,52,14,
957,6/30/2024,880,Shipped,13,27,
958,2/9/2025,726,Delivered,404,69,
959,9/6/2024,92,Shipped,276,59,
960,8/30/2024,261,Delivered,262,99,
961,5/25/2024,704,Shipped,66,98,
962,6/19/2024,171,Cancelled,299,54,
963,5/29/2024,620,Cancelled,65,96,
964,7/11/2024,309,Shipped,361,84,
965,7/30/2024,62,Shipped,15,77,
966,2/3/2025,778,Shipped,284,39,
967,12/11/2024,563,Delivered,71,67,
968,8/25/2024,287,Cancelled,381,98,
969,8/6/2024,344,Shipped,82,73,
970,2/29/2024,2,Cancelled,122,40,
971,7/9/2024,31,Shipped,227,23,
972,3/21/2024,736,Cancelled,149,12,
973,8/21/2024,696,Pending,17,3,
974,7/5/2024,224,Cancelled,140,47,
975,2/16/2024,402,Pending,121,14,
976,10/11/2024,191,Delivered,415,31,
977,2/19/2024,176,Shipped,343,11,
978,8/15/2024,983,Cancelled,385,10,
979,12/14/2024,416,Pending,175,64,
980,12/16/2024,831,Cancelled,367,26,
981,6/18/2024,655,Cancelled,204,33,
982,7/8/2024,393,Shipped,185,77,
983,3/2/2024,8,Delivered,365,42,
984,3/10/2024,498,Cancelled,324,30,
985,9/2/2024,320,Cancelled,357,87,
986,2/8/2025,944,Shipped,14,18,
987,9/16/2024,9,Cancelled,53,87,
988,12/3/2024,789,Cancelled,240,16,
989,10/7/2024,383,Delivered,297,43,
990,11/1/2024,615,Pending,384,77,
991,7/24/2024,534,Delivered,146,35,
992,8/4/2024,393,Pending,211,34,
993,9/30/2024,900,Pending,364,69,
994,10/11/2024,426,Pending,325,68,
995,8/25/2024,873,Cancelled,254,77,
996,9/17/2024,356,Pending,164,25,
997,7/14/2024,191,Delivered,158,99,
998,5/6/2024,64,Pending,133,58,
999,5/23/2024,9,Cancelled,344,79,
1000,6/7/2024,148,Pending,214,11,
1001,4/14/2024,434,Cancelled,391,11,
1002,8/20/2024,671,Pending,372,81,
1003,11/4/2024,757,Shipped,208,90,
1004,1/19/2025,309,Shipped,441,36,
1005,12/25/2024,649,Delivered,149,27,
1006,6/19/2024,653,Cancelled,330,79,
1007,7/13/2024,933,Shipped,308,99,
1008,9/20/2024,906,Delivered,171,61,
1009,4/30/2024,340,Cancelled,86,86,
1010,8/25/2024,350,Pending,129,2,
1011,8/24/2024,966,Pending,496,68,
1012,2/2/2025,557,Cancelled,184,65,
1013,3/15/2024,919,Pending,467,15,
1014,3/6/2024,978,Shipped,90,43,
1015,11/12/2024,684,Cancelled,356,3,
1016,8/25/2024,417,Cancelled,286,66,
1017,6/21/2024,731,Shipped,148,91,
1018,3/23/2024,68,Delivered,318,95,
1019,5/3/2024,19,Delivered,467,40,
1020,11/17/2024,979,Shipped,194,21,
1021,12/29/2024,984,Pending,182,47,
1022,10/17/2024,11,Delivered,315,42,
1023,4/6/2024,990,Shipped,273,35,
1024,12/22/2024,278,Delivered,179,21,
1025,5/9/2024,709,Shipped,288,35,
1026,4/8/2024,306,Shipped,436,44,
1027,3/6/2024,542,Delivered,5,22,
1028,5/12/2024,340,Cancelled,30,50,
1029,10/22/2024,725,Cancelled,227,19,
1030,12/31/2024,816,Pending,460,94,
1031,2/20/2024,11,Cancelled,25,29,
1032,12/5/2024,55,Delivered,451,5,
1033,4/3/2024,938,Shipped,169,6,
1034,12/12/2024,624,Cancelled,428,62,
1035,10/26/2024,689,Pending,61,46,
1036,5/5/2024,621,Cancelled,109,97,
1037,9/16/2024,748,Pending,62,64,
1038,3/12/2024,467,Shipped,201,59,
1039,5/29/2024,999,Delivered,242,31,
1040,5/24/2024,663,Delivered,77,63,
1041,12/30/2024,762,Delivered,158,94,
1042,4/14/2024,319,Shipped,196,40,
1043,1/8/2025,986,Shipped,418,6,
1044,7/17/2024,268,Cancelled,366,58,
1045,3/8/2024,398,Shipped,324,11,
1046,3/17/2024,363,Shipped,434,24,
1047,7/10/2024,605,Shipped,151,93,
1048,12/26/2024,878,Delivered,197,57,
1049,11/16/2024,284,Delivered,426,98,
1050,4/26/2024,889,Pending,231,70,
1051,5/19/2024,449,Delivered,223,50,
1052,5/4/2024,87,Shipped,121,85,
1053,8/17/2024,592,Cancelled,402,25,
1054,10/9/2024,480,Cancelled,55,4,
1055,10/28/2024,903,Pending,108,15,
1056,10/10/2024,13,Delivered,459,11,
1057,12/29/2024,452,Shipped,333,60,
1058,7/29/2024,785,Cancelled,117,98,
1059,5/9/2024,966,Pending,65,91,
1060,11/11/2024,843,Pending,93,82,
1061,7/23/2024,531,Delivered,74,32,
1062,8/22/2024,985,Cancelled,199,51,
1063,3/24/2024,789,Delivered,389,22,
1064,8/9/2024,201,Shipped,212,35,
1065,2/7/2025,610,Shipped,170,9,
1066,9/21/2024,367,Cancelled,56,55,
1067,4/2/2024,805,Pending,402,65,
1068,3/16/2024,247,Pending,275,82,
1069,6/7/2024,415,Shipped,380,2,
1070,4/24/2024,408,Pending,147,89,
1071,5/29/2024,872,Shipped,405,68,
1072,5/28/2024,845,Delivered,54,21,
1073,9/17/2024,614,Pending,185,100,
1074,6/21/2024,342,Cancelled,23,7,
1075,1/24/2025,258,Shipped,243,50,
1076,3/18/2024,517,Shipped,442,48,
1077,8/9/2024,938,Cancelled,282,2,
1078,3/6/2024,96,Shipped,214,17,
1079,4/18/2024,32,Pending,224,15,
1080,1/17/2025,889,Shipped,482,72,
1081,6/3/2024,984,Shipped,131,41,
1082,12/3/2024,820,Shipped,497,44,
1083,3/11/2024,933,Shipped,304,77,
1084,10/16/2024,712,Pending,58,11,
1085,3/14/2024,824,Delivered,28,33,
1086,9/16/2024,730,Cancelled,32,94,
1087,11/5/2024,568,Shipped,303,15,
1088,9/6/2024,737,Shipped,98,61,
1089,9/21/2024,301,Pending,230,66,
1090,1/12/2025,23,Pending,313,25,
1091,7/22/2024,246,Shipped,401,12,
1092,8/2/2024,706,Cancelled,50,29,
1093,4/10/2024,361,Shipped,267,41,
1094,4/3/2024,456,Cancelled,155,88,
1095,5/19/2024,586,Cancelled,346,81,
1096,6/23/2024,10,Cancelled,490,73,
1097,12/22/2024,641,Shipped,242,28,
1098,3/26/2024,290,Delivered,170,99,
1099,2/19/2024,123,Cancelled,126,47,
1100,10/22/2024,548,Shipped,298,47,
1101,4/8/2024,426,Shipped,480,44,
1102,2/14/2024,441,Shipped,59,85,
1103,4/20/2024,226,Cancelled,84,80,
1104,11/13/2024,908,Pending,444,83,
1105,6/4/2024,362,Delivered,73,11,
1106,2/5/2025,422,Pending,132,63,
1107,2/3/2025,796,Delivered,368,24,
1108,1/11/2025,49,Pending,15,64,
1109,10/8/2024,35,Delivered,5,44,
1110,10/15/2024,61,Pending,318,13,
1111,5/17/2024,890,Pending,121,39,
1112,5/24/2024,807,Shipped,481,11,
1113,7/28/2024,249,Delivered,72,38,
1114,2/24/2024,144,Shipped,294,27,
1115,6/22/2024,92,Delivered,334,5,
1116,9/20/2024,630,Delivered,497,40,
1117,11/30/2024,467,Shipped,206,28,
1118,7/15/2024,281,Shipped,237,71,
1119,2/5/2025,96,Cancelled,438,45,
1120,4/17/2024,921,Delivered,391,94,
1121,6/9/2024,464,Pending,444,52,
1122,1/21/2025,733,Shipped,292,73,
1123,3/1/2024,398,Pending,205,47,
1124,8/15/2024,338,Cancelled,439,97,
1125,4/6/2024,590,Shipped,178,100,
1126,10/28/2024,37,Cancelled,93,86,
1127,9/30/2024,949,Cancelled,145,33,
1128,1/5/2025,503,Cancelled,421,95,
1129,2/8/2025,645,Pending,344,28,
1130,5/1/2024,983,Shipped,239,25,
1131,11/8/2024,464,Delivered,233,9,
1132,10/9/2024,119,Pending,459,90,
1133,11/22/2024,767,Delivered,330,10,
1134,9/18/2024,978,Delivered,332,45,
1135,2/11/2025,124,Delivered,478,60,
1136,7/10/2024,186,Delivered,105,38,
1137,12/24/2024,55,Delivered,202,3,
1138,12/25/2024,821,Shipped,51,63,
1139,6/18/2024,434,Pending,323,95,
1140,7/25/2024,220,Delivered,360,98,
1141,10/12/2024,136,Delivered,306,90,
1142,10/7/2024,672,Cancelled,490,96,
1143,5/27/2024,603,Delivered,388,69,
1144,1/7/2025,519,Cancelled,283,81,
1145,3/25/2024,569,Delivered,152,22,
1146,9/19/2024,211,Delivered,497,36,
1147,3/30/2024,115,Shipped,440,93,
1148,1/18/2025,596,Delivered,486,3,
1149,3/4/2024,507,Cancelled,331,68,
1150,10/30/2024,627,Cancelled,174,11,
1151,2/14/2024,89,Pending,432,81,
1152,6/12/2024,328,Cancelled,122,47,
1153,9/22/2024,93,Delivered,192,1,
1154,11/23/2024,17,Shipped,231,32,
1155,2/29/2024,562,Pending,209,24,
1156,11/18/2024,437,Cancelled,354,77,
1157,4/8/2024,822,Cancelled,73,27,
1158,6/26/2024,201,Pending,232,20,
1159,1/7/2025,459,Pending,128,99,
1160,8/16/2024,804,Pending,275,16,
1161,12/21/2024,775,Cancelled,200,45,
1162,10/24/2024,663,Pending,434,24,
1163,2/19/2024,189,Delivered,92,48,
1164,9/12/2024,429,Pending,211,28,
1165,10/27/2024,830,Pending,84,25,
1166,7/31/2024,349,Delivered,68,87,
1167,10/13/2024,616,Delivered,297,8,
1168,10/30/2024,502,Cancelled,110,16,
1169,7/10/2024,827,Pending,420,53,
1170,8/12/2024,135,Shipped,210,31,
1171,1/6/2025,911,Delivered,214,61,
1172,3/7/2024,643,Cancelled,348,78,
1173,11/28/2024,812,Delivered,252,22,
1174,9/27/2024,779,Delivered,212,73,
1175,3/17/2024,342,Pending,415,38,
1176,12/31/2024,367,Delivered,343,68,
1177,5/17/2024,530,Delivered,458,35,
1178,9/21/2024,123,Delivered,401,100,
1179,7/17/2024,756,Pending,165,92,
1180,8/12/2024,993,Pending,459,41,
1181,12/26/2024,115,Cancelled,24,97,
1182,5/30/2024,916,Shipped,53,23,
1183,8/6/2024,172,Shipped,458,81,
1184,5/19/2024,218,Cancelled,201,87,
1185,1/29/2025,779,Cancelled,439,91,
1186,4/24/2024,385,Cancelled,465,3,
1187,5/26/2024,824,Cancelled,380,70,
1188,5/27/2024,725,Pending,302,51,
1189,9/5/2024,530,Cancelled,375,5,
1190,9/13/2024,944,Pending,436,11,
1191,12/16/2024,476,Shipped,23,25,
1192,5/1/2024,490,Delivered,364,43,
1193,7/25/2024,398,Cancelled,260,43,
1194,6/27/2024,413,Cancelled,98,3,
1195,5/27/2024,130,Delivered,38,66,
1196,9/25/2024,528,Shipped,455,7,
1197,3/26/2024,670,Cancelled,84,12,
1198,9/15/2024,6,Delivered,284,6,
1199,12/11/2024,137,Shipped,438,79,
1200,8/5/2024,939,Delivered,421,46,
1201,4/7/2024,381,Cancelled,275,18,
1202,3/22/2024,389,Pending,172,22,
1203,9/6/2024,18,Cancelled,45,9,
1204,4/24/2024,484,Cancelled,216,1,
1205,2/22/2024,321,Cancelled,205,89,
1206,7/12/2024,434,Pending,332,49,
1207,7/15/2024,464,Shipped,436,39,
1208,6/24/2024,232,Delivered,166,64,
1209,6/29/2024,819,Shipped,120,45,
1210,3/25/2024,906,Pending,433,47,
1211,9/18/2024,798,Cancelled,170,69,
1212,4/11/2024,461,Pending,266,20,
1213,2/14/2024,753,Shipped,469,70,
1214,9/8/2024,998,Pending,250,91,
1215,4/22/2024,679,Cancelled,105,78,
1216,3/29/2024,500,Shipped,476,36,
1217,1/2/2025,873,Cancelled,54,96,
1218,6/13/2024,886,Shipped,390,95,
1219,8/13/2024,588,Shipped,341,74,
1220,7/26/2024,132,Cancelled,247,40,
1221,3/5/2024,404,Cancelled,100,65,
1222,12/25/2024,222,Shipped,73,81,
1223,8/1/2024,877,Pending,387,27,
1224,7/18/2024,446,Shipped,486,86,
1225,7/14/2024,388,Shipped,121,44,
1226,6/8/2024,958,Shipped,172,86,
1227,5/30/2024,543,Delivered,153,47,
1228,9/27/2024,598,Cancelled,389,23,
1229,4/4/2024,299,Shipped,365,75,
1230,11/11/2024,960,Shipped,305,34,
1231,4/7/2024,830,Cancelled,78,14,
1232,7/26/2024,304,Delivered,484,82,
1233,7/29/2024,11,Delivered,179,34,
1234,1/2/2025,103,Cancelled,203,79,
1235,8/13/2024,570,Cancelled,126,36,
1236,6/14/2024,963,Shipped,438,91,
1237,3/11/2024,832,Pending,447,81,
1238,3/17/2024,754,Delivered,153,52,
1239,9/8/2024,383,Delivered,59,85,
1240,12/16/2024,208,Delivered,306,95,
1241,5/15/2024,695,Shipped,42,98,
1242,4/24/2024,550,Shipped,8,17,
1243,10/9/2024,918,Cancelled,180,42,
1244,5/31/2024,401,Cancelled,16,65,
1245,9/20/2024,509,Shipped,457,100,
1246,9/7/2024,857,Shipped,138,99,
1247,10/1/2024,301,Delivered,72,27,
1248,11/20/2024,824,Pending,205,99,
1249,10/1/2024,342,Cancelled,318,42,
1250,8/9/2024,433,Pending,463,64,
1251,11/20/2024,54,Delivered,110,61,
1252,1/11/2025,265,Shipped,254,24,
1253,11/2/2024,186,Shipped,160,99,
1254,6/14/2024,660,Cancelled,434,47,
1255,5/17/2024,312,Pending,374,30,
1256,3/21/2024,279,Pending,369,64,
1257,10/8/2024,343,Delivered,308,16,
1258,10/12/2024,658,Cancelled,41,66,
1259,4/15/2024,574,Cancelled,479,52,
1260,4/27/2024,454,Shipped,133,34,
1261,10/31/2024,772,Cancelled,440,46,
1262,4/8/2024,820,Cancelled,41,88,
1263,4/5/2024,342,Pending,288,29,
1264,5/21/2024,120,Pending,245,100,
1265,12/18/2024,381,Pending,129,1,
1266,6/12/2024,150,Pending,155,51,
1267,11/14/2024,73,Pending,392,69,
1268,10/28/2024,264,Shipped,451,53,
1269,1/7/2025,823,Pending,398,93,
1270,9/27/2024,707,Delivered,473,47,
1271,9/25/2024,438,Pending,133,11,
1272,11/8/2024,179,Shipped,268,48,
1273,5/30/2024,504,Pending,50,81,
1274,8/21/2024,498,Cancelled,131,59,
1275,10/8/2024,568,Cancelled,421,96,
1276,1/27/2025,390,Pending,469,93,
1277,11/7/2024,685,Cancelled,111,53,
1278,3/7/2024,412,Shipped,318,26,
1279,10/14/2024,782,Cancelled,196,6,
1280,2/13/2024,605,Delivered,428,8,
1281,5/27/2024,558,Cancelled,69,72,
1282,10/10/2024,777,Cancelled,321,4,
1283,1/18/2025,406,Shipped,325,18,
1284,1/12/2025,232,Pending,317,100,
1285,9/15/2024,922,Cancelled,335,18,
1286,3/6/2024,173,Cancelled,46,11,
1287,12/6/2024,666,Shipped,372,57,
1288,11/16/2024,460,Pending,182,82,
1289,7/6/2024,731,Delivered,262,18,
1290,6/12/2024,109,Cancelled,340,34,
1291,2/22/2024,488,Shipped,68,10,
1292,1/31/2025,956,Shipped,336,5,
1293,12/15/2024,143,Cancelled,458,24,
1294,6/1/2024,402,Pending,318,2,
1295,3/11/2024,395,Pending,282,18,
1296,10/8/2024,52,Shipped,259,80,
1297,3/3/2024,541,Cancelled,406,26,
1298,7/5/2024,39,Delivered,382,11,
1299,8/19/2024,539,Pending,257,11,
1300,11/15/2024,734,Shipped,314,82,
1301,6/18/2024,887,Cancelled,129,93,
1302,7/11/2024,873,Cancelled,144,39,
1303,9/14/2024,165,Cancelled,461,14,
1304,9/24/2024,297,Shipped,453,66,
1305,7/16/2024,198,Shipped,270,62,
1306,8/6/2024,230,Delivered,395,54,
1307,3/26/2024,627,Shipped,265,66,
1308,1/10/2025,372,Cancelled,195,100,
1309,5/28/2024,388,Cancelled,368,60,
1310,2/14/2024,654,Shipped,464,96,
1311,7/30/2024,988,Cancelled,310,83,
1312,12/29/2024,644,Delivered,217,6,
1313,7/27/2024,349,Cancelled,194,7,
1314,3/10/2024,365,Shipped,39,51,
1315,12/31/2024,318,Cancelled,158,17,
1316,2/27/2024,731,Delivered,317,77,
1317,9/14/2024,398,Delivered,278,84,
1318,6/10/2024,96,Cancelled,103,61,
1319,5/9/2024,445,Cancelled,268,53,
1320,2/4/2025,203,Shipped,471,18,
1321,3/1/2024,736,Cancelled,246,86,
1322,2/10/2025,639,Pending,221,52,
1323,5/28/2024,409,Cancelled,405,61,
1324,3/7/2024,618,Delivered,304,69,
1325,4/8/2024,527,Shipped,4,20,
1326,2/23/2024,873,Delivered,435,15,
1327,2/15/2024,791,Pending,132,75,
1328,2/17/2024,579,Shipped,209,61,
1329,1/4/2025,606,Delivered,389,98,
1330,4/15/2024,885,Pending,478,57,
1331,10/15/2024,333,Delivered,426,51,
1332,6/6/2024,588,Delivered,373,58,
1333,6/24/2024,666,Pending,210,27,
1334,8/28/2024,654,Delivered,365,34,
1335,10/27/2024,204,Cancelled,479,62,
1336,4/15/2024,953,Cancelled,73,25,
1337,7/19/2024,197,Delivered,245,25,
1338,8/7/2024,698,Pending,403,53,
1339,6/2/2024,550,Pending,429,40,
1340,4/7/2024,227,Shipped,322,40,
1341,12/6/2024,540,Delivered,490,92,
1342,8/26/2024,38,Shipped,385,54,
1343,11/13/2024,97,Delivered,28,39,
1344,6/9/2024,653,Delivered,277,93,
1345,3/6/2024,578,Shipped,360,58,
1346,11/2/2024,972,Shipped,83,48,
1347,11/13/2024,934,Delivered,473,74,
1348,9/22/2024,430,Shipped,58,99,
1349,9/6/2024,969,Shipped,133,99,
1350,10/30/2024,185,Shipped,129,60,
1351,1/9/2025,906,Cancelled,281,29,
1352,10/26/2024,838,Cancelled,486,38,
1353,7/16/2024,151,Cancelled,347,37,
1354,6/16/2024,995,Cancelled,124,100,
1355,1/16/2025,914,Shipped,265,67,
1356,8/17/2024,299,Delivered,232,99,
1357,4/12/2024,188,Delivered,376,9,
1358,5/13/2024,419,Delivered,479,80,
1359,10/9/2024,719,Delivered,237,85,
1360,2/17/2024,778,Pending,112,58,
1361,6/13/2024,118,Delivered,354,91,
1362,2/13/2024,841,Cancelled,323,16,
1363,1/20/2025,691,Shipped,12,96,
1364,1/2/2025,332,Shipped,87,51,
1365,11/29/2024,740,Pending,212,66,
1366,11/28/2024,447,Shipped,103,42,
1367,5/21/2024,785,Pending,490,16,
1368,11/16/2024,609,Pending,108,47,
1369,11/18/2024,362,Delivered,303,4,
1370,4/1/2024,562,Shipped,396,2,
1371,4/1/2024,929,Pending,126,66,
1372,5/28/2024,251,Shipped,297,85,
1373,1/31/2025,610,Cancelled,358,33,
1374,5/23/2024,385,Delivered,195,17,
1375,1/12/2025,896,Shipped,190,42,
1376,12/1/2024,176,Shipped,20,69,
1377,12/13/2024,608,Cancelled,477,59,
1378,5/2/2024,722,Shipped,193,32,
1379,9/24/2024,470,Cancelled,185,5,
1380,7/22/2024,483,Delivered,236,57,
1381,4/12/2024,177,Cancelled,408,48,
1382,3/12/2024,497,Cancelled,445,65,
1383,11/21/2024,505,Pending,330,35,
1384,5/16/2024,62,Cancelled,474,7,
1385,12/6/2024,137,Shipped,59,73,
1386,11/16/2024,769,Shipped,114,53,
1387,3/3/2024,89,Shipped,6,67,
1388,10/9/2024,356,Pending,282,83,
1389,12/29/2024,303,Shipped,34,3,
1390,9/13/2024,50,Shipped,495,94,
1391,9/1/2024,39,Pending,483,96,
1392,3/2/2024,5,Cancelled,119,73,
1393,8/17/2024,437,Cancelled,183,77,
1394,9/2/2024,541,Shipped,259,21,
1395,8/23/2024,856,Pending,32,55,
1396,9/9/2024,308,Delivered,216,24,
1397,7/21/2024,986,Delivered,1,12,
1398,5/26/2024,70,Shipped,387,68,
1399,4/12/2024,771,Pending,227,83,
1400,12/17/2024,527,Cancelled,391,65,
1401,4/12/2024,546,Pending,54,40,
1402,6/3/2024,79,Pending,301,38,
1403,4/1/2024,380,Shipped,437,44,
1404,5/5/2024,928,Delivered,7,8,
1405,6/27/2024,798,Shipped,312,83,
1406,2/25/2024,150,Delivered,397,21,
1407,4/5/2024,976,Delivered,14,41,
1408,4/20/2024,684,Delivered,115,15,
1409,9/9/2024,34,Delivered,479,2,
1410,4/5/2024,843,Shipped,268,81,
1411,2/19/2024,961,Pending,38,23,
1412,1/5/2025,751,Shipped,73,8,
1413,10/15/2024,651,Cancelled,366,66,
1414,12/5/2024,259,Pending,343,83,
1415,10/26/2024,216,Shipped,243,2,
1416,3/22/2024,894,Cancelled,108,16,
1417,2/5/2025,536,Delivered,369,54,
1418,4/10/2024,695,Pending,291,98,
1419,1/24/2025,727,Shipped,289,25,
1420,11/15/2024,29,Delivered,247,9,
1421,7/31/2024,96,Cancelled,243,73,
1422,1/8/2025,974,Shipped,220,31,
1423,6/17/2024,621,Shipped,230,47,
1424,8/1/2024,416,Cancelled,412,16,
1425,9/26/2024,434,Shipped,227,36,
1426,2/29/2024,706,Delivered,460,78,
1427,5/20/2024,157,Delivered,75,4,
1428,2/28/2024,528,Pending,177,45,
1429,7/1/2024,72,Cancelled,140,98,
1430,1/27/2025,53,Cancelled,383,58,
1431,10/15/2024,37,Shipped,333,95,
1432,2/1/2025,238,Shipped,24,93,
1433,2/10/2025,866,Pending,158,1,
1434,2/8/2025,235,Cancelled,291,53,
1435,9/22/2024,107,Shipped,237,31,
1436,1/28/2025,533,Pending,65,17,
1437,1/30/2025,404,Cancelled,482,40,
1438,5/1/2024,739,Pending,56,21,
1439,8/11/2024,185,Delivered,88,65,
1440,12/9/2024,513,Pending,288,89,
1441,5/2/2024,789,Shipped,347,54,
1442,7/12/2024,997,Cancelled,2,51,
1443,9/1/2024,521,Shipped,303,43,
1444,10/11/2024,335,Delivered,495,34,
1445,7/18/2024,284,Delivered,345,25,
1446,5/12/2024,752,Cancelled,222,4,
1447,3/30/2024,708,Delivered,17,70,
1448,10/4/2024,73,Shipped,4,13,
1449,7/18/2024,64,Cancelled,321,38,
1450,5/14/2024,855,Delivered,499,71,
1451,9/5/2024,81,Shipped,416,92,
1452,6/25/2024,424,Cancelled,49,92,
1453,1/7/2025,490,Shipped,425,25,
1454,10/15/2024,857,Delivered,88,64,
1455,11/29/2024,684,Delivered,354,74,
1456,5/1/2024,669,Shipped,96,3,
1457,9/28/2024,861,Shipped,105,32,
1458,4/1/2024,691,Delivered,308,19,
1459,3/27/2024,434,Delivered,273,55,
1460,6/17/2024,49,Shipped,73,89,
1461,11/9/2024,858,Pending,53,43,
1462,8/18/2024,932,Pending,47,64,
1463,10/18/2024,688,Cancelled,199,69,
1464,2/23/2024,369,Cancelled,219,74,
1465,3/14/2024,873,Shipped,486,92,
1466,8/7/2024,288,Pending,15,69,
1467,9/1/2024,901,Delivered,465,57,
1468,6/9/2024,776,Delivered,385,35,
1469,12/4/2024,434,Cancelled,419,22,
1470,9/23/2024,687,Shipped,466,1,
1471,2/4/2025,192,Shipped,169,96,
1472,8/18/2024,700,Cancelled,48,56,
1473,11/15/2024,596,Shipped,179,2,
1474,7/4/2024,964,Pending,67,3,
1475,12/31/2024,97,Pending,350,4,
1476,8/10/2024,919,Delivered,25,74,
1477,10/9/2024,206,Shipped,115,51,
1478,9/6/2024,431,Shipped,321,83,
1479,12/19/2024,684,Cancelled,94,46,
1480,2/18/2024,501,Shipped,387,87,
1481,8/17/2024,646,Cancelled,285,76,
1482,12/9/2024,678,Delivered,193,42,
1483,12/19/2024,724,Pending,2,54,
1484,10/8/2024,245,Shipped,283,18,
1485,3/28/2024,273,Cancelled,92,68,
1486,4/22/2024,203,Shipped,62,4,
1487,7/7/2024,501,Delivered,443,28,
1488,5/13/2024,571,Shipped,45,29,
1489,9/3/2024,911,Pending,265,78,
1490,7/9/2024,384,Shipped,306,52,
1491,1/25/2025,81,Shipped,415,73,
1492,1/14/2025,345,Cancelled,385,38,
1493,7/27/2024,82,Pending,22,2,
1494,10/14/2024,628,Delivered,354,86,
1495,6/15/2024,792,Delivered,424,23,
1496,4/19/2024,237,Cancelled,185,98,
1497,10/9/2024,109,Delivered,167,23,
1498,8/4/2024,541,Cancelled,482,90,
1499,1/3/2025,658,Shipped,64,39,
1500,10/21/2024,807,Pending,135,40,
1501,9/10/2024,349,Delivered,378,31,
1502,11/6/2024,16,Pending,485,56,
1503,4/22/2024,594,Shipped,18,92,
1504,10/15/2024,677,Cancelled,76,100,
1505,12/15/2024,468,Shipped,439,8,
1506,6/20/2024,883,Shipped,374,18,
1507,10/1/2024,382,Cancelled,208,17,
1508,7/10/2024,325,Delivered,226,19,
1509,3/4/2024,817,Cancelled,298,30,
1510,10/30/2024,317,Pending,270,81,
1511,1/13/2025,59,Pending,387,14,
1512,3/28/2024,534,Delivered,220,100,
1513,1/18/2025,882,Shipped,152,95,
1514,9/27/2024,819,Pending,140,42,
1515,9/10/2024,831,Pending,304,23,
1516,2/8/2025,352,Cancelled,348,7,
1517,11/5/2024,68,Cancelled,121,97,
1518,12/18/2024,161,Cancelled,175,51,
1519,3/23/2024,408,Shipped,458,41,
1520,4/6/2024,941,Delivered,201,55,
1521,12/7/2024,57,Shipped,472,39,
1522,12/22/2024,240,Cancelled,218,28,
1523,2/19/2024,233,Shipped,326,83,
1524,2/27/2024,189,Pending,40,16,
1525,7/30/2024,595,Pending,79,25,
1526,6/7/2024,858,Shipped,220,56,
1527,9/27/2024,817,Delivered,373,80,
1528,12/24/2024,655,Pending,323,56,
1529,2/22/2024,187,Pending,457,74,
1530,3/22/2024,285,Delivered,491,86,
1531,3/20/2024,403,Delivered,351,95,
1532,9/15/2024,132,Cancelled,112,71,
1533,12/28/2024,15,Shipped,281,3,
1534,1/1/2025,561,Cancelled,345,64,
1535,11/9/2024,158,Cancelled,38,30,
1536,1/14/2025,790,Shipped,374,30,
1537,4/26/2024,414,Shipped,68,28,
1538,1/4/2025,143,Pending,168,88,
1539,7/25/2024,428,Delivered,323,16,
1540,1/22/2025,330,Delivered,499,95,
1541,1/1/2025,901,Pending,77,95,
1542,5/6/2024,496,Delivered,51,38,
1543,3/6/2024,361,Shipped,354,75,
1544,7/14/2024,282,Shipped,241,65,
1545,7/6/2024,395,Cancelled,349,100,
1546,11/13/2024,998,Cancelled,207,63,
1547,4/11/2024,373,Delivered,481,21,
1548,7/3/2024,834,Delivered,401,32,
1549,11/28/2024,458,Pending,306,86,
1550,9/17/2024,909,Shipped,283,16,
1551,7/3/2024,734,Pending,82,12,
1552,2/14/2024,705,Pending,221,36,
1553,3/14/2024,385,Shipped,416,85,
1554,4/8/2024,854,Shipped,127,50,
1555,9/14/2024,48,Cancelled,157,9,
1556,4/12/2024,292,Delivered,151,44,
1557,9/13/2024,833,Cancelled,267,67,
1558,10/28/2024,194,Delivered,88,31,
1559,6/25/2024,79,Delivered,405,36,
1560,4/18/2024,294,Shipped,491,3,
1561,8/3/2024,415,Shipped,316,92,
1562,2/14/2024,582,Pending,186,17,
1563,5/13/2024,589,Pending,226,81,
1564,10/13/2024,55,Pending,10,12,
1565,9/6/2024,199,Cancelled,444,75,
1566,11/26/2024,849,Shipped,416,2,
1567,6/13/2024,711,Cancelled,123,19,
1568,4/19/2024,978,Shipped,32,33,
1569,3/18/2024,801,Shipped,418,4,
1570,7/20/2024,502,Shipped,230,98,
1571,12/26/2024,823,Delivered,163,64,
1572,5/26/2024,605,Shipped,174,17,
1573,7/27/2024,113,Pending,14,24,
1574,10/17/2024,585,Shipped,70,29,
1575,4/7/2024,77,Cancelled,91,20,
1576,3/28/2024,109,Cancelled,15,84,
1577,5/29/2024,292,Shipped,290,84,
1578,6/5/2024,937,Delivered,489,89,
1579,8/11/2024,707,Pending,258,80,
1580,6/10/2024,772,Delivered,248,50,
1581,9/28/2024,51,Shipped,405,75,
1582,8/4/2024,754,Shipped,342,55,
1583,3/27/2024,561,Pending,310,25,
1584,12/8/2024,972,Shipped,133,66,
1585,2/10/2025,497,Cancelled,259,83,
1586,6/3/2024,919,Delivered,47,37,
1587,11/20/2024,444,Delivered,339,89,
1588,1/4/2025,515,Pending,322,98,
1589,4/14/2024,455,Shipped,87,67,
1590,1/9/2025,150,Shipped,60,84,
1591,11/13/2024,36,Shipped,417,42,
1592,11/9/2024,641,Delivered,469,35,
1593,3/20/2024,704,Shipped,499,81,
1594,12/11/2024,55,Pending,274,56,
1595,4/26/2024,96,Shipped,302,44,
1596,5/12/2024,604,Delivered,437,75,
1597,1/22/2025,364,Delivered,48,2,
1598,9/6/2024,776,Shipped,452,59,
1599,10/7/2024,160,Pending,34,92,
1600,11/11/2024,223,Delivered,317,13,
1601,10/18/2024,184,Shipped,47,14,
1602,3/31/2024,466,Delivered,457,80,
1603,1/24/2025,168,Cancelled,53,72,
1604,11/3/2024,634,Cancelled,76,86,
1605,11/6/2024,367,Shipped,112,30,
1606,10/20/2024,104,Delivered,399,46,
1607,1/3/2025,438,Pending,112,31,
1608,9/10/2024,716,Delivered,267,62,
1609,4/14/2024,607,Delivered,391,52,
1610,3/27/2024,232,Delivered,161,28,
1611,1/6/2025,445,Shipped,44,9,
1612,9/8/2024,180,Delivered,458,79,
1613,5/9/2024,796,Pending,292,39,
1614,6/27/2024,817,Shipped,201,69,
1615,10/21/2024,893,Cancelled,159,64,
1616,4/15/2024,815,Shipped,4,85,
1617,12/15/2024,481,Pending,414,63,
1618,7/2/2024,26,Pending,193,78,
1619,11/1/2024,709,Shipped,296,5,
1620,9/7/2024,719,Pending,279,90,
1621,11/2/2024,662,Delivered,204,45,
1622,8/17/2024,444,Pending,142,26,
1623,2/17/2024,179,Shipped,445,63,
1624,2/11/2025,145,Shipped,24,39,
1625,6/2/2024,715,Delivered,92,56,
1626,9/29/2024,422,Shipped,378,64,
1627,9/10/2024,253,Shipped,343,86,
1628,9/3/2024,331,Delivered,192,28,
1629,5/16/2024,875,Pending,275,4,
1630,10/15/2024,228,Delivered,420,35,
1631,7/30/2024,848,Shipped,186,64,
1632,8/10/2024,912,Shipped,423,13,
1633,6/15/2024,262,Shipped,68,29,
1634,9/22/2024,589,Pending,483,85,
1635,4/26/2024,583,Pending,354,74,
1636,8/5/2024,233,Cancelled,416,86,
1637,3/12/2024,554,Pending,180,80,
1638,3/22/2024,612,Pending,322,1,
1639,10/8/2024,69,Pending,193,43,
1640,8/5/2024,505,Shipped,95,70,
1641,9/11/2024,948,Cancelled,422,59,
1642,3/2/2024,418,Shipped,395,39,
1643,10/11/2024,425,Pending,245,49,
1644,6/14/2024,287,Pending,484,67,
1645,6/28/2024,697,Delivered,231,21,
1646,3/25/2024,825,Pending,336,19,
1647,2/7/2025,778,Shipped,185,79,
1648,8/2/2024,977,Pending,111,42,
1649,7/17/2024,846,Delivered,213,41,
1650,8/12/2024,961,Cancelled,407,50,
1651,3/31/2024,877,Delivered,116,12,
1652,10/31/2024,121,Pending,188,16,
1653,12/2/2024,273,Cancelled,11,22,
1654,4/15/2024,232,Shipped,25,42,
1655,11/1/2024,768,Pending,360,59,
1656,7/15/2024,308,Delivered,247,66,
1657,11/21/2024,12,Pending,211,26,
1658,8/31/2024,742,Pending,261,80,
1659,12/4/2024,576,Delivered,189,50,
1660,6/30/2024,967,Delivered,87,3,
1661,7/28/2024,764,Shipped,422,26,
1662,1/6/2025,165,Shipped,76,49,
1663,3/3/2024,58,Cancelled,145,60,
1664,7/11/2024,41,Cancelled,442,82,
1665,4/29/2024,803,Cancelled,94,38,
1666,2/21/2024,927,Pending,374,85,
1667,6/13/2024,796,Pending,254,41,
1668,6/1/2024,984,Pending,292,18,
1669,3/4/2024,530,Cancelled,164,10,
1670,10/28/2024,212,Cancelled,224,39,
1671,1/7/2025,755,Shipped,273,20,
1672,1/28/2025,691,Cancelled,131,73,
1673,6/30/2024,817,Shipped,56,46,
1674,11/7/2024,853,Shipped,440,57,
1675,7/25/2024,122,Delivered,487,55,
1676,11/18/2024,286,Delivered,353,9,
1677,12/28/2024,330,Delivered,438,98,
1678,7/25/2024,551,Shipped,202,9,
1679,9/11/2024,860,Shipped,327,5,
1680,4/23/2024,363,Shipped,251,21,
1681,9/15/2024,75,Pending,406,37,
1682,11/20/2024,842,Pending,377,32,
1683,3/21/2024,558,Shipped,434,11,
1684,8/30/2024,925,Delivered,258,31,
1685,1/26/2025,300,Cancelled,132,73,
1686,8/26/2024,333,Shipped,316,75,
1687,5/4/2024,218,Shipped,194,72,
1688,6/12/2024,92,Cancelled,213,39,
1689,12/20/2024,551,Delivered,308,86,
1690,3/6/2024,734,Delivered,474,23,
1691,10/29/2024,681,Pending,452,49,
1692,4/25/2024,793,Cancelled,310,66,
1693,4/29/2024,448,Cancelled,341,69,
1694,10/13/2024,479,Cancelled,402,40,
1695,3/19/2024,278,Cancelled,201,29,
1696,10/18/2024,678,Pending,246,36,
1697,11/13/2024,18,Pending,337,61,
1698,7/19/2024,995,Pending,251,36,
1699,6/3/2024,72,Shipped,54,76,
1700,5/10/2024,479,Pending,489,11,
1701,3/29/2024,516,Pending,479,35,
1702,11/11/2024,943,Pending,400,55,
1703,2/23/2024,823,Shipped,494,99,
1704,12/13/2024,781,Pending,309,16,
1705,3/20/2024,528,Delivered,27,100,
1706,4/13/2024,884,Delivered,364,4,
1707,3/1/2024,22,Cancelled,402,56,
1708,4/14/2024,640,Cancelled,220,100,
1709,5/30/2024,481,Pending,490,81,
1710,12/23/2024,425,Pending,268,84,
1711,12/8/2024,815,Shipped,97,14,
1712,1/7/2025,256,Delivered,33,24,
1713,2/7/2025,899,Pending,136,100,
1714,1/17/2025,640,Pending,313,89,
1715,5/29/2024,491,Delivered,409,5,
1716,6/27/2024,242,Delivered,22,72,
1717,8/22/2024,811,Cancelled,447,2,
1718,8/1/2024,66,Delivered,119,51,
1719,9/12/2024,737,Cancelled,390,98,
1720,2/7/2025,699,Delivered,413,13,
1721,11/12/2024,695,Cancelled,472,52,
1722,2/17/2024,431,Cancelled,367,51,
1723,1/1/2025,694,Pending,26,55,
1724,6/9/2024,361,Cancelled,197,31,
1725,8/15/2024,203,Delivered,374,9,
1726,1/20/2025,563,Delivered,455,62,
1727,4/20/2024,961,Cancelled,494,25,
1728,4/13/2024,421,Cancelled,121,70,
1729,3/12/2024,986,Delivered,461,90,
1730,2/27/2024,694,Pending,154,60,
1731,3/16/2024,186,Delivered,35,58,
1732,7/3/2024,710,Pending,404,55,
1733,5/21/2024,207,Delivered,449,14,
1734,6/24/2024,925,Cancelled,316,55,
1735,9/2/2024,96,Cancelled,288,17,
1736,3/27/2024,464,Pending,329,65,
1737,4/28/2024,952,Pending,442,46,
1738,10/11/2024,145,Delivered,156,38,
1739,7/28/2024,468,Shipped,105,18,
1740,11/8/2024,370,Shipped,368,38,
1741,10/22/2024,723,Cancelled,328,21,
1742,2/7/2025,910,Pending,361,66,
1743,7/9/2024,546,Shipped,155,16,
1744,3/30/2024,76,Delivered,149,55,
1745,11/3/2024,336,Shipped,306,77,
1746,7/13/2024,870,Delivered,223,16,
1747,8/22/2024,496,Pending,112,45,
1748,8/5/2024,625,Pending,152,29,
1749,3/12/2024,773,Pending,138,45,
1750,7/6/2024,291,Delivered,227,56,
1751,7/2/2024,676,Delivered,253,43,
1752,7/14/2024,946,Shipped,270,78,
1753,10/8/2024,879,Shipped,309,80,
1754,4/15/2024,972,Delivered,194,29,
1755,2/5/2025,248,Pending,312,80,
1756,10/3/2024,775,Pending,236,33,
1757,4/26/2024,434,Delivered,134,72,
1758,9/2/2024,283,Shipped,126,70,
1759,7/21/2024,267,Pending,357,37,
1760,8/3/2024,388,Delivered,169,87,
1761,10/15/2024,118,Delivered,310,73,
1762,12/27/2024,207,Shipped,25,20,
1763,10/15/2024,819,Pending,395,3,
1764,6/5/2024,199,Pending,495,89,
1765,11/8/2024,284,Cancelled,233,37,
1766,5/21/2024,672,Cancelled,18,83,
1767,12/14/2024,904,Delivered,441,33,
1768,2/21/2024,87,Pending,416,60,
1769,6/1/2024,569,Pending,228,76,
1770,2/2/2025,441,Pending,471,100,
1771,6/21/2024,533,Delivered,63,21,
1772,11/22/2024,438,Shipped,304,71,
1773,12/22/2024,494,Shipped,207,66,
1774,11/11/2024,798,Pending,303,68,
1775,12/31/2024,701,Shipped,371,50,
1776,4/14/2024,328,Pending,312,15,
1777,10/18/2024,883,Delivered,103,36,
1778,12/18/2024,407,Shipped,32,18,
1779,9/16/2024,482,Pending,79,5,
1780,2/11/2025,552,Pending,257,65,
1781,5/21/2024,343,Pending,467,54,
1782,3/22/2024,696,Pending,494,99,
1783,6/7/2024,575,Delivered,267,90,
1784,4/20/2024,542,Shipped,154,1,
1785,1/21/2025,465,Pending,173,36,
1786,1/15/2025,814,Cancelled,274,59,
1787,1/22/2025,892,Delivered,251,92,
1788,10/19/2024,125,Pending,305,60,
1789,1/3/2025,969,Shipped,367,19,
1790,10/8/2024,56,Delivered,380,78,
1791,2/27/2024,157,Shipped,216,31,
1792,1/5/2025,1000,Delivered,449,98,
1793,12/30/2024,315,Pending,424,24,
1794,1/10/2025,455,Shipped,69,18,
1795,11/2/2024,263,Shipped,305,9,
1796,8/13/2024,945,Shipped,201,45,
1797,10/24/2024,627,Pending,417,91,
1798,7/12/2024,925,Shipped,486,78,
1799,11/18/2024,806,Shipped,79,72,
1800,5/27/2024,932,Shipped,63,73,
1801,7/21/2024,599,Pending,266,99,
1802,7/6/2024,938,Shipped,250,51,
1803,7/14/2024,827,Cancelled,352,48,
1804,9/11/2024,665,Delivered,392,29,
1805,2/9/2025,559,Pending,14,100,
1806,4/10/2024,108,Delivered,128,52,
1807,11/12/2024,712,Cancelled,461,11,
1808,1/9/2025,613,Cancelled,245,69,
1809,1/19/2025,347,Shipped,390,57,
1810,9/18/2024,715,Pending,497,80,
1811,8/30/2024,881,Delivered,77,93,
1812,3/14/2024,145,Delivered,349,44,
1813,5/6/2024,622,Delivered,321,57,
1814,3/16/2024,295,Cancelled,410,12,
1815,2/1/2025,956,Pending,496,52,
1816,1/10/2025,901,Cancelled,39,43,
1817,6/18/2024,405,Cancelled,303,4,
1818,1/2/2025,442,Delivered,166,53,
1819,6/18/2024,763,Shipped,212,54,
1820,3/8/2024,613,Shipped,174,95,
1821,1/2/2025,134,Pending,477,12,
1822,8/10/2024,367,Cancelled,216,81,
1823,7/29/2024,138,Delivered,251,79,
1824,9/1/2024,852,Shipped,97,67,
1825,5/27/2024,664,Shipped,442,6,
1826,5/23/2024,132,Cancelled,426,11,
1827,4/13/2024,500,Cancelled,81,95,
1828,10/19/2024,226,Shipped,183,70,
1829,4/24/2024,766,Shipped,300,4,
1830,6/5/2024,478,Delivered,324,24,
1831,10/12/2024,17,Pending,213,26,
1832,12/15/2024,100,Cancelled,309,58,
1833,9/4/2024,927,Cancelled,127,63,
1834,11/20/2024,226,Delivered,370,14,
1835,5/13/2024,337,Delivered,237,6,
1836,12/4/2024,947,Cancelled,328,36,
1837,5/14/2024,193,Pending,19,15,
1838,6/14/2024,466,Shipped,343,40,
1839,4/4/2024,244,Delivered,179,83,
1840,3/13/2024,658,Delivered,414,91,
1841,2/9/2025,602,Shipped,410,85,
1842,1/25/2025,136,Cancelled,140,11,
1843,1/15/2025,870,Delivered,30,60,
1844,12/1/2024,462,Delivered,381,24,
1845,2/23/2024,364,Delivered,101,22,
1846,1/30/2025,555,Delivered,103,41,
1847,5/17/2024,328,Delivered,291,27,
1848,6/13/2024,737,Delivered,194,32,
1849,10/17/2024,698,Pending,449,25,
1850,6/13/2024,918,Pending,276,71,
1851,3/13/2024,332,Delivered,257,98,
1852,6/14/2024,898,Delivered,438,82,
1853,11/11/2024,93,Cancelled,308,68,
1854,1/4/2025,633,Pending,483,96,
1855,12/7/2024,739,Delivered,305,90,
1856,3/9/2024,778,Shipped,442,91,
1857,12/16/2024,327,Shipped,256,49,
1858,5/8/2024,117,Delivered,405,18,
1859,8/11/2024,705,Pending,25,66,
1860,2/15/2024,837,Pending,161,31,
1861,4/17/2024,480,Pending,470,78,
1862,10/18/2024,586,Cancelled,319,65,
1863,3/31/2024,298,Shipped,431,72,
1864,3/3/2024,162,Shipped,130,100,
1865,2/17/2024,696,Delivered,23,12,
1866,8/20/2024,373,Shipped,306,25,
1867,8/23/2024,783,Cancelled,36,3,
1868,4/28/2024,891,Delivered,495,96,
1869,9/23/2024,438,Shipped,146,38,
1870,2/13/2024,405,Delivered,223,17,
1871,6/29/2024,386,Delivered,433,62,
1872,6/18/2024,662,Shipped,59,100,
1873,10/24/2024,107,Delivered,500,69,
1874,11/5/2024,662,Delivered,310,26,
1875,2/23/2024,463,Delivered,401,37,
1876,3/16/2024,530,Pending,88,72,
1877,5/1/2024,511,Cancelled,48,80,
1878,1/20/2025,159,Pending,189,71,
1879,5/22/2024,960,Delivered,229,55,
1880,3/20/2024,584,Pending,230,27,
1881,1/9/2025,779,Delivered,349,62,
1882,10/1/2024,843,Delivered,46,90,
1883,1/16/2025,229,Shipped,350,14,
1884,7/31/2024,470,Shipped,477,40,
1885,1/22/2025,29,Delivered,57,22,
1886,11/13/2024,811,Pending,91,61,
1887,5/22/2024,660,Delivered,114,60,
1888,4/13/2024,897,Delivered,210,53,
1889,7/26/2024,365,Cancelled,321,36,
1890,5/5/2024,258,Shipped,79,69,
1891,3/30/2024,431,Delivered,195,100,
1892,8/9/2024,491,Cancelled,80,25,
1893,5/26/2024,987,Cancelled,59,7,
1894,7/11/2024,801,Shipped,296,100,
1895,11/4/2024,69,Shipped,420,46,
1896,2/23/2024,120,Delivered,93,88,
1897,8/24/2024,144,Pending,428,53,
1898,9/19/2024,472,Cancelled,30,29,
1899,8/23/2024,701,Pending,113,60,
1900,8/1/2024,769,Delivered,126,58,
1901,11/26/2024,809,Cancelled,166,1,
1902,1/11/2025,510,Cancelled,236,100,
1903,4/16/2024,648,Pending,321,63,
1904,7/21/2024,202,Shipped,486,69,
1905,5/24/2024,534,Cancelled,32,66,
1906,5/30/2024,562,Pending,202,22,
1907,7/16/2024,984,Cancelled,452,7,
1908,10/21/2024,928,Cancelled,431,45,
1909,8/20/2024,50,Delivered,173,60,
1910,2/13/2024,886,Pending,86,75,
1911,5/5/2024,60,Shipped,478,68,
1912,6/15/2024,740,Shipped,185,99,
1913,2/21/2024,847,Shipped,345,62,
1914,12/23/2024,419,Shipped,476,86,
1915,9/19/2024,832,Pending,204,26,
1916,12/29/2024,176,Pending,139,10,
1917,10/5/2024,18,Pending,221,22,
1918,7/15/2024,666,Cancelled,411,50,
1919,6/20/2024,634,Cancelled,194,71,
1920,10/27/2024,743,Pending,352,19,
1921,6/4/2024,303,Cancelled,348,1,
1922,12/11/2024,911,Cancelled,460,87,
1923,7/20/2024,55,Shipped,80,15,
1924,11/10/2024,526,Shipped,129,71,
1925,1/12/2025,311,Shipped,268,71,
1926,7/30/2024,54,Cancelled,313,41,
1927,1/12/2025,536,Pending,482,52,
1928,2/25/2024,722,Cancelled,164,27,
1929,10/27/2024,130,Pending,211,35,
1930,6/3/2024,722,Delivered,142,4,
1931,3/20/2024,233,Pending,470,34,
1932,8/18/2024,420,Shipped,480,50,
1933,12/15/2024,647,Cancelled,477,16,
1934,2/3/2025,972,Cancelled,462,43,
1935,1/14/2025,636,Cancelled,332,37,
1936,12/5/2024,494,Cancelled,199,97,
1937,1/16/2025,215,Delivered,172,66,
1938,3/9/2024,210,Pending,306,41,
1939,9/6/2024,195,Pending,392,73,
1940,11/30/2024,67,Pending,114,59,
1941,1/2/2025,787,Shipped,8,19,
1942,9/24/2024,101,Delivered,464,93,
1943,11/8/2024,561,Delivered,99,99,
1944,2/2/2025,886,Delivered,137,88,
1945,1/16/2025,654,Cancelled,175,74,
1946,12/10/2024,41,Shipped,52,44,
1947,4/6/2024,546,Cancelled,460,77,
1948,5/14/2024,440,Pending,305,72,
1949,8/17/2024,843,Cancelled,61,21,
1950,6/7/2024,201,Pending,268,3,
1951,11/26/2024,228,Delivered,24,38,
1952,11/16/2024,483,Delivered,74,17,
1953,3/3/2024,761,Delivered,409,35,
1954,6/22/2024,66,Delivered,200,36,
1955,11/29/2024,227,Cancelled,121,75,
1956,6/3/2024,525,Cancelled,314,44,
1957,11/15/2024,893,Cancelled,482,95,
1958,1/2/2025,94,Shipped,91,66,
1959,9/10/2024,46,Delivered,181,74,
1960,6/18/2024,715,Cancelled,369,80,
1961,11/26/2024,572,Cancelled,63,35,
1962,11/13/2024,190,Pending,75,25,
1963,2/10/2025,640,Shipped,489,97,
1964,10/5/2024,819,Delivered,497,47,
1965,2/24/2024,334,Shipped,338,92,
1966,1/11/2025,789,Pending,318,90,
1967,1/25/2025,443,Pending,17,36,
1968,9/30/2024,914,Pending,103,35,
1969,4/14/2024,148,Delivered,70,73,
1970,4/27/2024,577,Cancelled,206,7,
1971,9/26/2024,825,Pending,90,74,
1972,5/14/2024,577,Shipped,445,13,
1973,2/1/2025,894,Cancelled,487,59,
1974,3/31/2024,879,Pending,117,18,
1975,1/19/2025,961,Shipped,129,99,
1976,9/22/2024,446,Pending,57,23,
1977,4/16/2024,72,Shipped,307,32,
1978,6/30/2024,186,Delivered,362,19,
1979,9/7/2024,446,Shipped,384,38,
1980,7/19/2024,387,Pending,95,32,
1981,7/14/2024,84,Cancelled,311,14,
1982,11/22/2024,110,Delivered,380,92,
1983,3/19/2024,613,Pending,266,99,
1984,6/2/2024,746,Cancelled,485,31,
1985,11/29/2024,385,Cancelled,447,24,
1986,7/29/2024,513,Cancelled,74,37,
1987,5/4/2024,978,Delivered,242,53,
1988,5/5/2024,719,Shipped,476,24,
1989,9/11/2024,807,Pending,199,74,
1990,9/13/2024,363,Shipped,293,79,
1991,2/23/2024,969,Delivered,223,23,
1992,12/16/2024,613,Pending,438,90,
1993,9/22/2024,810,Cancelled,2,54,
1994,5/17/2024,193,Cancelled,51,15,
1995,9/27/2024,796,Delivered,224,38,
1996,1/13/2025,663,Pending,341,11,
1997,10/29/2024,413,Cancelled,209,19,
1998,7/26/2024,1,Delivered,144,12,
1999,1/21/2025,777,Shipped,394,73,
2000,8/29/2024,965,Cancelled,86,3,
