payment_id,payment_date,payment_mode,payment_status,order_id
1,1/4/2025,Credit Card,Failed,645
2,3/12/2024,PayPal,Pending,1282
3,8/23/2024,Credit Card,Pending,1939
4,11/15/2024,PayPal,Success,707
5,7/6/2024,Credit Card,Pending,169
6,9/28/2024,PayPal,Success,1816
7,9/17/2024,Credit Card,Pending,1015
8,3/29/2024,PayPal,Pending,1636
9,11/4/2024,Cash on Delivery,Pending,1211
10,7/11/2024,Cash on Delivery,Success,453
11,2/13/2024,Cash on Delivery,Success,965
12,4/27/2024,Credit Card,Failed,54
13,6/3/2024,Credit Card,Failed,507
14,5/20/2024,Debit Card,Success,306
15,8/13/2024,Debit Card,Failed,39
16,7/24/2024,PayPal,Pending,203
17,7/20/2024,Cash on Delivery,Failed,1721
18,2/28/2024,Credit Card,Failed,1715
19,4/4/2024,PayPal,Failed,1947
20,10/10/2024,PayPal,Success,1515
21,11/19/2024,Credit Card,Failed,1761
22,7/13/2024,Cash on Delivery,Success,1614
23,8/2/2024,Cash on Delivery,Success,1526
24,12/21/2024,Credit Card,Success,1959
25,8/21/2024,Credit Card,Success,98
26,4/9/2024,PayPal,Success,530
27,9/26/2024,Cash on Delivery,Pending,1414
28,9/28/2024,PayPal,Pending,663
29,3/11/2024,PayPal,Failed,153
30,7/11/2024,PayPal,Failed,811
31,9/1/2024,Credit Card,Pending,1065
32,1/19/2025,Debit Card,Success,1
33,3/30/2024,Credit Card,Success,1222
34,5/19/2024,Cash on Delivery,Pending,1477
35,7/2/2024,PayPal,Pending,1925
36,3/7/2024,Credit Card,Pending,263
37,1/16/2025,PayPal,Pending,1062
38,3/3/2024,Cash on Delivery,Failed,1706
39,4/17/2024,Cash on Delivery,Pending,358
40,9/8/2024,Debit Card,Pending,989
41,3/15/2024,Debit Card,Failed,1690
42,11/2/2024,Debit Card,Pending,7
43,3/17/2024,Credit Card,Success,858
44,10/23/2024,Debit Card,Success,602
45,6/29/2024,Debit Card,Failed,1176
46,10/4/2024,Credit Card,Pending,1823
47,7/21/2024,PayPal,Failed,1694
48,10/19/2024,Credit Card,Failed,935
49,2/10/2025,Debit Card,Success,1395
50,10/8/2024,Debit Card,Pending,396
51,11/21/2024,PayPal,Success,1160
52,11/29/2024,Cash on Delivery,Success,481
53,1/24/2025,PayPal,Pending,1284
54,3/8/2024,Debit Card,Failed,1461
55,11/2/2024,Cash on Delivery,Success,1618
56,4/4/2024,PayPal,Pending,1162
57,12/4/2024,Credit Card,Success,1123
58,5/24/2024,Debit Card,Pending,1600
59,2/9/2025,Debit Card,Success,745
60,3/10/2024,PayPal,Failed,1859
61,2/2/2025,PayPal,Failed,129
62,11/21/2024,PayPal,Failed,625
63,7/13/2024,PayPal,Failed,1769
64,6/17/2024,Credit Card,Pending,1376
65,2/12/2024,Cash on Delivery,Pending,658
66,5/5/2024,Credit Card,Pending,1405
67,2/23/2024,Cash on Delivery,Pending,1201
68,9/2/2024,Credit Card,Failed,1799
69,9/20/2024,Debit Card,Failed,1322
70,9/28/2024,PayPal,Pending,369
71,2/19/2024,Credit Card,Failed,1320
72,3/17/2024,PayPal,Success,1418
73,5/28/2024,Credit Card,Pending,1827
74,12/4/2024,Credit Card,Failed,825
75,2/9/2025,PayPal,Pending,1610
76,4/22/2024,Debit Card,Failed,1216
77,4/18/2024,Credit Card,Failed,1840
78,7/5/2024,Debit Card,Failed,752
79,6/22/2024,Credit Card,Success,589
80,1/2/2025,PayPal,Failed,777
81,5/3/2024,Cash on Delivery,Success,588
82,1/22/2025,Cash on Delivery,Pending,1867
83,5/16/2024,PayPal,Pending,847
84,5/23/2024,Cash on Delivery,Failed,192
85,7/6/2024,Cash on Delivery,Failed,1165
86,1/1/2025,Cash on Delivery,Failed,1872
87,9/22/2024,Credit Card,Failed,577
88,10/4/2024,Credit Card,Failed,1840
89,9/2/2024,Debit Card,Failed,1723
90,2/9/2025,Credit Card,Pending,196
91,9/10/2024,Debit Card,Failed,1608
92,4/7/2024,PayPal,Pending,1698
93,10/29/2024,PayPal,Failed,907
94,4/8/2024,Credit Card,Pending,373
95,10/14/2024,PayPal,Success,1764
96,5/10/2024,Cash on Delivery,Success,689
97,10/22/2024,PayPal,Failed,867
98,8/11/2024,Cash on Delivery,Failed,1280
99,2/23/2024,Cash on Delivery,Pending,606
100,4/15/2024,Cash on Delivery,Failed,319
101,3/31/2024,Debit Card,Pending,1380
102,5/8/2024,PayPal,Success,1264
103,12/2/2024,Debit Card,Success,522
104,9/22/2024,Debit Card,Pending,1238
105,3/29/2024,Debit Card,Failed,1387
106,8/26/2024,Cash on Delivery,Success,1611
107,7/9/2024,Cash on Delivery,Pending,1208
108,4/12/2024,Credit Card,Pending,1168
109,5/25/2024,Credit Card,Pending,1438
110,5/22/2024,PayPal,Pending,1418
111,3/6/2024,Debit Card,Success,374
112,7/10/2024,PayPal,Failed,403
113,3/21/2024,PayPal,Success,1954
114,5/15/2024,PayPal,Failed,864
115,4/18/2024,Credit Card,Success,1639
116,12/25/2024,PayPal,Failed,732
117,6/2/2024,Credit Card,Success,1381
118,1/18/2025,Debit Card,Failed,1626
119,7/18/2024,Debit Card,Success,432
120,5/20/2024,Debit Card,Success,1663
121,10/3/2024,Credit Card,Failed,1510
122,12/3/2024,Debit Card,Success,439
123,2/24/2024,Debit Card,Pending,593
124,11/4/2024,Debit Card,Pending,1469
125,4/25/2024,Cash on Delivery,Failed,1381
126,5/13/2024,Credit Card,Pending,1496
127,12/17/2024,Cash on Delivery,Failed,1523
128,2/1/2025,PayPal,Pending,1332
129,8/27/2024,Cash on Delivery,Failed,1106
130,5/6/2024,Debit Card,Success,1391
131,5/23/2024,Credit Card,Pending,1193
132,5/19/2024,Debit Card,Pending,631
133,5/1/2024,Cash on Delivery,Success,1097
134,9/20/2024,Debit Card,Success,334
135,2/23/2024,PayPal,Pending,1058
136,6/10/2024,Cash on Delivery,Success,1210
137,3/28/2024,Credit Card,Success,1880
138,10/16/2024,PayPal,Failed,961
139,3/7/2024,Cash on Delivery,Failed,1538
140,10/6/2024,PayPal,Success,1605
141,12/15/2024,Cash on Delivery,Failed,157
142,10/15/2024,Debit Card,Pending,15
143,1/24/2025,Debit Card,Failed,1204
144,12/16/2024,Cash on Delivery,Failed,1637
145,7/5/2024,Debit Card,Failed,88
146,11/3/2024,PayPal,Success,1526
147,7/6/2024,PayPal,Failed,1601
148,4/3/2024,Credit Card,Success,1611
149,4/14/2024,Credit Card,Failed,1862
150,2/4/2025,Debit Card,Success,1094
151,11/2/2024,Credit Card,Failed,613
152,10/13/2024,Cash on Delivery,Success,1451
153,4/23/2024,PayPal,Success,773
154,9/21/2024,Debit Card,Pending,1106
155,5/29/2024,Debit Card,Success,147
156,11/8/2024,Credit Card,Pending,1843
157,4/26/2024,Credit Card,Success,823
158,2/10/2025,Credit Card,Success,1327
159,1/20/2025,Credit Card,Success,646
160,1/10/2025,PayPal,Pending,68
161,12/5/2024,Debit Card,Pending,58
162,12/2/2024,PayPal,Pending,1851
163,10/28/2024,Debit Card,Success,1309
164,5/9/2024,Cash on Delivery,Success,255
165,8/28/2024,Credit Card,Failed,1411
166,12/25/2024,Credit Card,Success,1448
167,1/26/2025,PayPal,Pending,27
168,8/5/2024,Cash on Delivery,Failed,1278
169,2/13/2024,PayPal,Success,660
170,12/20/2024,Cash on Delivery,Failed,1487
171,10/1/2024,Credit Card,Pending,1767
172,11/15/2024,PayPal,Success,1662
173,12/30/2024,PayPal,Pending,1974
174,4/17/2024,Credit Card,Failed,120
175,11/1/2024,Credit Card,Failed,419
176,9/7/2024,Debit Card,Pending,1997
177,7/31/2024,Cash on Delivery,Success,1099
178,3/1/2024,Debit Card,Success,1639
179,4/1/2024,Credit Card,Success,130
180,2/11/2025,Debit Card,Pending,126
181,7/24/2024,Debit Card,Failed,1445
182,7/11/2024,Cash on Delivery,Pending,1594
183,8/4/2024,Credit Card,Pending,1885
184,4/12/2024,Credit Card,Success,269
185,8/15/2024,Credit Card,Pending,365
186,7/27/2024,Debit Card,Failed,1879
187,7/31/2024,PayPal,Success,568
188,8/16/2024,PayPal,Failed,974
189,6/27/2024,Credit Card,Success,1818
190,11/4/2024,Credit Card,Success,1676
191,9/1/2024,Debit Card,Failed,1686
192,3/11/2024,Cash on Delivery,Failed,608
193,12/13/2024,Credit Card,Failed,1801
194,5/21/2024,Debit Card,Failed,474
195,11/3/2024,Debit Card,Success,1259
196,7/21/2024,Cash on Delivery,Pending,1019
197,1/22/2025,Credit Card,Failed,675
198,5/20/2024,Cash on Delivery,Success,1589
199,3/9/2024,PayPal,Pending,1809
200,3/7/2024,Cash on Delivery,Failed,528
201,2/17/2024,Credit Card,Success,750
202,10/2/2024,Credit Card,Failed,862
203,9/29/2024,Debit Card,Success,280
204,10/2/2024,Debit Card,Success,473
205,12/26/2024,Debit Card,Failed,1243
206,7/19/2024,Credit Card,Success,123
207,7/11/2024,PayPal,Failed,1644
208,4/21/2024,Credit Card,Failed,1291
209,1/27/2025,Credit Card,Failed,1876
210,9/11/2024,Debit Card,Failed,628
211,2/19/2024,Cash on Delivery,Success,161
212,4/17/2024,Credit Card,Failed,686
213,5/4/2024,Credit Card,Failed,1536
214,3/6/2024,Cash on Delivery,Success,1563
215,3/1/2024,Cash on Delivery,Success,944
216,12/11/2024,Debit Card,Success,1826
217,6/9/2024,Credit Card,Success,239
218,12/19/2024,Cash on Delivery,Failed,424
219,6/27/2024,Debit Card,Failed,364
220,1/10/2025,Cash on Delivery,Success,962
221,5/15/2024,PayPal,Failed,1165
222,12/11/2024,Debit Card,Pending,482
223,4/24/2024,Cash on Delivery,Pending,1898
224,1/10/2025,PayPal,Success,492
225,11/12/2024,Cash on Delivery,Failed,1103
226,4/27/2024,Cash on Delivery,Success,456
227,12/27/2024,PayPal,Success,648
228,1/18/2025,PayPal,Pending,933
229,7/27/2024,PayPal,Success,1778
230,6/3/2024,PayPal,Failed,917
231,8/20/2024,Credit Card,Pending,664
232,12/23/2024,Credit Card,Failed,1262
233,1/3/2025,PayPal,Pending,1309
234,6/18/2024,PayPal,Failed,893
235,12/18/2024,PayPal,Pending,980
236,3/28/2024,Debit Card,Pending,2000
237,11/28/2024,Credit Card,Pending,1887
238,5/12/2024,Credit Card,Pending,798
239,3/29/2024,Credit Card,Pending,1027
240,9/1/2024,PayPal,Pending,147
241,11/15/2024,Credit Card,Pending,678
242,5/24/2024,Cash on Delivery,Pending,137
243,11/17/2024,PayPal,Failed,482
244,4/18/2024,Debit Card,Pending,1092
245,9/17/2024,Debit Card,Success,60
246,11/22/2024,Cash on Delivery,Success,425
247,5/1/2024,Debit Card,Pending,1377
248,10/28/2024,PayPal,Success,1471
249,9/4/2024,PayPal,Pending,1972
250,1/26/2025,Credit Card,Pending,1494
251,10/24/2024,Cash on Delivery,Pending,1957
252,9/27/2024,Cash on Delivery,Success,972
253,9/24/2024,PayPal,Success,1005
254,12/15/2024,Debit Card,Failed,1247
255,1/19/2025,Credit Card,Pending,848
256,4/2/2024,Debit Card,Pending,1345
257,11/21/2024,Debit Card,Pending,253
258,11/27/2024,Credit Card,Success,61
259,10/5/2024,Credit Card,Success,1388
260,5/27/2024,Cash on Delivery,Pending,937
261,10/7/2024,Cash on Delivery,Success,73
262,12/18/2024,Debit Card,Failed,684
263,3/5/2024,Cash on Delivery,Success,1530
264,1/18/2025,PayPal,Pending,1938
265,3/9/2024,PayPal,Success,430
266,11/15/2024,Debit Card,Success,1474
267,5/26/2024,Debit Card,Pending,1106
268,4/2/2024,PayPal,Pending,804
269,3/2/2024,Credit Card,Failed,228
270,9/4/2024,Cash on Delivery,Failed,253
271,5/27/2024,PayPal,Failed,1739
272,11/19/2024,Cash on Delivery,Pending,1918
273,3/6/2024,Debit Card,Success,814
274,5/20/2024,Debit Card,Pending,88
275,2/10/2025,Cash on Delivery,Success,587
276,6/24/2024,PayPal,Pending,1458
277,1/23/2025,Debit Card,Success,804
278,3/8/2024,Debit Card,Failed,795
279,9/17/2024,Cash on Delivery,Failed,1335
280,2/11/2025,PayPal,Success,1661
281,10/10/2024,PayPal,Pending,294
282,4/2/2024,PayPal,Pending,980
283,8/8/2024,PayPal,Pending,1392
284,2/14/2024,PayPal,Failed,106
285,3/17/2024,Cash on Delivery,Pending,1427
286,12/16/2024,Debit Card,Pending,1604
287,11/24/2024,PayPal,Pending,434
288,8/31/2024,Cash on Delivery,Pending,1295
289,7/8/2024,PayPal,Pending,1981
290,1/6/2025,Credit Card,Pending,1718
291,10/23/2024,Credit Card,Pending,1176
292,2/10/2025,Debit Card,Success,1214
293,6/8/2024,Debit Card,Failed,1955
294,10/11/2024,Debit Card,Failed,1011
295,7/17/2024,Credit Card,Failed,1658
296,7/22/2024,PayPal,Success,432
297,2/11/2025,Debit Card,Success,105
298,7/3/2024,Debit Card,Failed,1641
299,11/12/2024,Cash on Delivery,Pending,252
300,4/5/2024,Credit Card,Success,1800
301,7/23/2024,Cash on Delivery,Failed,1106
302,9/27/2024,Cash on Delivery,Failed,339
303,4/9/2024,Debit Card,Failed,948
304,3/10/2024,Debit Card,Failed,862
305,5/16/2024,PayPal,Pending,1565
306,1/3/2025,Debit Card,Failed,362
307,2/26/2024,Debit Card,Success,654
308,6/9/2024,Cash on Delivery,Success,1487
309,8/23/2024,PayPal,Pending,538
310,2/24/2024,Debit Card,Failed,1387
311,7/23/2024,Credit Card,Pending,1564
312,5/8/2024,Debit Card,Success,454
313,10/16/2024,PayPal,Pending,1745
314,1/2/2025,Debit Card,Failed,1326
315,11/3/2024,PayPal,Failed,178
316,12/25/2024,Debit Card,Failed,460
317,12/10/2024,Cash on Delivery,Pending,380
318,6/15/2024,Debit Card,Success,679
319,8/5/2024,Credit Card,Pending,36
320,11/11/2024,Debit Card,Pending,673
321,2/18/2024,Credit Card,Pending,1063
322,1/12/2025,Credit Card,Pending,1816
323,1/21/2025,Credit Card,Success,971
324,11/9/2024,Debit Card,Failed,1548
325,1/13/2025,Cash on Delivery,Pending,566
326,11/7/2024,PayPal,Success,1352
327,7/12/2024,Credit Card,Pending,1415
328,2/15/2024,Credit Card,Pending,395
329,10/20/2024,Debit Card,Pending,528
330,6/15/2024,Debit Card,Success,782
331,8/6/2024,Cash on Delivery,Pending,1203
332,6/21/2024,Debit Card,Failed,1534
333,6/27/2024,Debit Card,Failed,1502
334,4/4/2024,Credit Card,Success,1153
335,2/28/2024,Debit Card,Pending,1404
336,4/3/2024,Credit Card,Pending,1288
337,11/12/2024,Credit Card,Success,823
338,8/17/2024,PayPal,Pending,91
339,9/2/2024,PayPal,Success,1371
340,6/29/2024,Credit Card,Pending,861
341,8/13/2024,Credit Card,Failed,211
342,9/12/2024,PayPal,Failed,152
343,6/8/2024,Credit Card,Failed,1985
344,11/7/2024,Debit Card,Success,64
345,7/3/2024,Credit Card,Success,61
346,11/22/2024,Debit Card,Pending,552
347,11/26/2024,Debit Card,Failed,2000
348,5/10/2024,Debit Card,Failed,1438
349,5/17/2024,PayPal,Failed,670
350,6/7/2024,PayPal,Failed,1801
351,5/13/2024,Credit Card,Pending,1389
352,5/15/2024,PayPal,Pending,1883
353,2/1/2025,Credit Card,Failed,1975
354,6/11/2024,Debit Card,Pending,456
355,7/17/2024,PayPal,Success,39
356,8/16/2024,Credit Card,Success,1200
357,7/12/2024,Credit Card,Failed,1497
358,12/22/2024,Credit Card,Success,1526
359,6/16/2024,Cash on Delivery,Failed,1187
360,7/1/2024,Cash on Delivery,Failed,1699
361,2/5/2025,Debit Card,Success,1397
362,2/13/2024,Cash on Delivery,Success,311
363,3/19/2024,PayPal,Success,1257
364,4/4/2024,PayPal,Pending,1051
365,1/9/2025,Credit Card,Pending,549
366,6/17/2024,Credit Card,Failed,1247
367,12/6/2024,Cash on Delivery,Pending,33
368,11/18/2024,Cash on Delivery,Success,1540
369,12/31/2024,Debit Card,Pending,1878
370,9/27/2024,Debit Card,Success,1692
371,4/19/2024,Credit Card,Pending,1861
372,3/10/2024,Debit Card,Failed,1656
373,3/9/2024,Debit Card,Success,1049
374,2/6/2025,Cash on Delivery,Failed,313
375,7/2/2024,Cash on Delivery,Failed,100
376,9/19/2024,Debit Card,Failed,376
377,9/10/2024,Credit Card,Pending,785
378,1/4/2025,Credit Card,Success,1760
379,3/9/2024,PayPal,Success,1147
380,11/14/2024,PayPal,Success,607
381,6/22/2024,Credit Card,Pending,25
382,5/19/2024,Credit Card,Success,1104
383,4/6/2024,Cash on Delivery,Pending,675
384,2/8/2025,PayPal,Pending,1894
385,4/8/2024,Cash on Delivery,Failed,970
386,1/5/2025,Cash on Delivery,Success,1707
387,1/17/2025,Cash on Delivery,Failed,1775
388,8/20/2024,Credit Card,Pending,1700
389,9/23/2024,Cash on Delivery,Success,809
390,7/14/2024,Cash on Delivery,Failed,1529
391,5/3/2024,Credit Card,Pending,366
392,3/2/2024,Credit Card,Failed,410
393,1/5/2025,Cash on Delivery,Pending,693
394,9/20/2024,Credit Card,Pending,897
395,11/29/2024,PayPal,Success,291
396,3/7/2024,Cash on Delivery,Failed,1967
397,1/20/2025,Debit Card,Pending,842
398,4/2/2024,PayPal,Failed,1164
399,5/23/2024,Debit Card,Success,664
400,1/1/2025,Debit Card,Success,279
401,10/23/2024,PayPal,Success,673
402,1/31/2025,PayPal,Success,1830
403,12/20/2024,Credit Card,Success,1222
404,9/20/2024,Cash on Delivery,Pending,422
405,10/31/2024,Credit Card,Success,844
406,3/7/2024,Debit Card,Pending,1402
407,7/12/2024,PayPal,Failed,832
408,6/5/2024,Credit Card,Failed,468
409,3/20/2024,Cash on Delivery,Failed,1
410,12/16/2024,PayPal,Success,91
411,11/24/2024,Cash on Delivery,Failed,789
412,5/13/2024,Debit Card,Success,1194
413,11/14/2024,Cash on Delivery,Failed,1355
414,8/24/2024,Credit Card,Success,39
415,4/4/2024,Credit Card,Success,392
416,10/15/2024,PayPal,Failed,41
417,6/28/2024,PayPal,Success,399
418,3/9/2024,Debit Card,Pending,1159
419,8/21/2024,Cash on Delivery,Pending,1538
420,9/9/2024,PayPal,Failed,1068
421,6/17/2024,Credit Card,Failed,647
422,8/21/2024,Cash on Delivery,Success,1473
423,8/17/2024,Debit Card,Pending,1441
424,2/7/2025,Debit Card,Failed,1210
425,6/15/2024,PayPal,Success,754
426,12/26/2024,Cash on Delivery,Failed,730
427,10/15/2024,PayPal,Pending,1779
428,10/8/2024,Credit Card,Failed,259
429,5/7/2024,Cash on Delivery,Failed,571
430,6/1/2024,Debit Card,Failed,842
431,1/31/2025,Cash on Delivery,Success,444
432,12/16/2024,Credit Card,Pending,867
433,1/3/2025,Credit Card,Failed,399
434,9/16/2024,Debit Card,Pending,1635
435,5/19/2024,PayPal,Success,1074
436,6/26/2024,Debit Card,Pending,753
437,5/29/2024,Debit Card,Success,1123
438,9/12/2024,Cash on Delivery,Failed,389
439,1/23/2025,Credit Card,Pending,1166
440,10/11/2024,Cash on Delivery,Success,1664
441,6/22/2024,Credit Card,Success,213
442,6/22/2024,Debit Card,Pending,730
443,2/29/2024,Credit Card,Pending,608
444,8/17/2024,Debit Card,Failed,1179
445,5/17/2024,Credit Card,Failed,264
446,3/13/2024,Cash on Delivery,Failed,98
447,9/1/2024,Debit Card,Pending,1009
448,5/26/2024,PayPal,Success,1298
449,3/5/2024,PayPal,Success,1985
450,9/19/2024,Debit Card,Pending,1332
451,9/8/2024,PayPal,Pending,721
452,10/2/2024,PayPal,Pending,1700
453,9/3/2024,Credit Card,Failed,1171
454,1/9/2025,Debit Card,Pending,537
455,2/20/2024,PayPal,Pending,374
456,9/8/2024,Debit Card,Pending,716
457,9/26/2024,Cash on Delivery,Pending,288
458,4/30/2024,PayPal,Success,648
459,2/2/2025,Credit Card,Pending,1803
460,8/28/2024,Cash on Delivery,Pending,1345
461,2/12/2024,PayPal,Pending,733
462,12/26/2024,PayPal,Pending,899
463,6/2/2024,Debit Card,Success,58
464,3/15/2024,Credit Card,Success,794
465,6/17/2024,Credit Card,Pending,1191
466,7/28/2024,Credit Card,Failed,993
467,3/7/2024,PayPal,Failed,785
468,12/20/2024,Credit Card,Failed,1929
469,7/9/2024,Debit Card,Pending,1516
470,8/23/2024,Debit Card,Pending,1069
471,4/16/2024,PayPal,Success,534
472,7/12/2024,PayPal,Success,1973
473,9/30/2024,Credit Card,Failed,359
474,7/30/2024,Credit Card,Pending,819
475,9/9/2024,PayPal,Pending,37
476,12/29/2024,PayPal,Failed,175
477,12/6/2024,Debit Card,Success,369
478,6/25/2024,Credit Card,Success,436
479,12/9/2024,PayPal,Failed,363
480,10/7/2024,PayPal,Pending,1931
481,5/8/2024,Credit Card,Failed,207
482,4/29/2024,Debit Card,Failed,1467
483,3/27/2024,Debit Card,Failed,316
484,10/25/2024,Cash on Delivery,Pending,795
485,4/29/2024,Debit Card,Failed,463
486,4/8/2024,Credit Card,Pending,533
487,12/12/2024,Credit Card,Failed,1770
488,1/23/2025,Credit Card,Pending,519
489,11/20/2024,Cash on Delivery,Pending,1344
490,4/7/2024,Credit Card,Failed,841
491,9/24/2024,Cash on Delivery,Success,1622
492,8/6/2024,PayPal,Success,649
493,5/17/2024,PayPal,Success,652
494,5/23/2024,PayPal,Failed,1676
495,2/5/2025,Debit Card,Success,660
496,8/31/2024,Cash on Delivery,Failed,50
497,5/8/2024,PayPal,Failed,390
498,1/14/2025,Debit Card,Success,319
499,1/28/2025,Debit Card,Success,1713
500,2/5/2025,Credit Card,Pending,1353
501,2/11/2025,Credit Card,Pending,215
502,7/7/2024,Cash on Delivery,Pending,402
503,10/4/2024,PayPal,Pending,597
504,12/3/2024,Cash on Delivery,Pending,1974
505,11/7/2024,PayPal,Success,1771
506,6/29/2024,Debit Card,Pending,700
507,11/15/2024,Debit Card,Success,882
508,8/12/2024,Credit Card,Pending,1662
509,8/15/2024,Cash on Delivery,Pending,668
510,4/14/2024,Credit Card,Success,336
511,5/26/2024,PayPal,Failed,450
512,10/19/2024,Credit Card,Failed,1408
513,10/30/2024,Cash on Delivery,Failed,10
514,2/12/2024,Credit Card,Success,348
515,4/18/2024,Cash on Delivery,Success,500
516,5/23/2024,Credit Card,Pending,1925
517,1/13/2025,Cash on Delivery,Success,963
518,9/13/2024,PayPal,Failed,1684
519,2/1/2025,Cash on Delivery,Failed,1857
520,9/5/2024,PayPal,Pending,950
521,7/28/2024,PayPal,Success,510
522,2/20/2024,PayPal,Pending,983
523,12/5/2024,Credit Card,Pending,950
524,6/30/2024,PayPal,Success,833
525,10/23/2024,Credit Card,Success,1087
526,2/12/2024,PayPal,Success,697
527,8/2/2024,PayPal,Success,150
528,3/16/2024,Cash on Delivery,Pending,1614
529,10/7/2024,PayPal,Pending,1895
530,8/11/2024,Debit Card,Pending,1024
531,12/10/2024,PayPal,Pending,14
532,5/1/2024,Credit Card,Failed,1245
533,10/18/2024,Debit Card,Failed,1177
534,2/3/2025,Credit Card,Success,646
535,2/20/2024,PayPal,Pending,903
536,12/2/2024,PayPal,Failed,206
537,2/26/2024,Cash on Delivery,Pending,1688
538,10/8/2024,PayPal,Success,1476
539,3/31/2024,PayPal,Success,1299
540,12/23/2024,Debit Card,Pending,1097
541,5/8/2024,Credit Card,Failed,1062
542,8/11/2024,Debit Card,Pending,543
543,12/27/2024,Debit Card,Pending,1832
544,8/28/2024,Debit Card,Pending,544
545,4/10/2024,Credit Card,Failed,321
546,7/17/2024,Credit Card,Success,987
547,7/8/2024,Cash on Delivery,Failed,102
548,7/12/2024,Credit Card,Success,709
549,7/23/2024,Credit Card,Pending,96
550,2/27/2024,Debit Card,Success,1424
551,8/12/2024,PayPal,Pending,841
552,7/22/2024,PayPal,Failed,666
553,10/16/2024,Debit Card,Pending,420
554,3/17/2024,Debit Card,Success,1975
555,3/23/2024,Debit Card,Pending,1515
556,9/3/2024,Credit Card,Pending,1923
557,6/1/2024,Cash on Delivery,Pending,1909
558,8/26/2024,PayPal,Pending,209
559,3/22/2024,PayPal,Success,1653
560,11/21/2024,Credit Card,Success,1036
561,10/26/2024,Credit Card,Success,800
562,9/7/2024,Cash on Delivery,Pending,277
563,3/4/2024,Debit Card,Success,1492
564,8/10/2024,Debit Card,Failed,300
565,1/4/2025,Debit Card,Failed,1327
566,4/1/2024,Credit Card,Success,1041
567,9/27/2024,Cash on Delivery,Success,653
568,8/19/2024,PayPal,Pending,835
569,2/6/2025,Cash on Delivery,Pending,1792
570,2/13/2024,Debit Card,Pending,727
571,8/15/2024,Cash on Delivery,Failed,127
572,8/11/2024,Credit Card,Success,1626
573,4/30/2024,Credit Card,Failed,321
574,7/24/2024,Credit Card,Pending,356
575,8/9/2024,Cash on Delivery,Success,741
576,2/5/2025,Credit Card,Success,1098
577,3/6/2024,Cash on Delivery,Failed,1535
578,12/3/2024,Cash on Delivery,Success,774
579,4/16/2024,PayPal,Success,501
580,8/23/2024,Debit Card,Success,242
581,7/31/2024,PayPal,Success,259
582,1/2/2025,Cash on Delivery,Success,1481
583,7/4/2024,PayPal,Pending,479
584,12/12/2024,Credit Card,Pending,848
585,9/9/2024,Debit Card,Success,682
586,11/10/2024,Cash on Delivery,Failed,222
587,4/27/2024,Cash on Delivery,Pending,206
588,1/8/2025,PayPal,Failed,958
589,11/18/2024,Debit Card,Failed,763
590,2/1/2025,Credit Card,Failed,124
591,4/25/2024,Cash on Delivery,Failed,1457
592,12/17/2024,PayPal,Failed,619
593,2/3/2025,Debit Card,Failed,183
594,10/3/2024,Debit Card,Failed,785
595,8/1/2024,Cash on Delivery,Pending,1582
596,6/3/2024,PayPal,Pending,1783
597,5/6/2024,Debit Card,Failed,1094
598,3/17/2024,Credit Card,Failed,280
599,12/16/2024,Cash on Delivery,Success,1244
600,4/15/2024,Cash on Delivery,Pending,742
601,3/22/2024,Credit Card,Failed,122
602,5/19/2024,Credit Card,Pending,1302
603,5/4/2024,Cash on Delivery,Success,1055
604,5/6/2024,PayPal,Failed,1268
605,12/12/2024,Credit Card,Pending,872
606,5/8/2024,Debit Card,Failed,1849
607,7/5/2024,Debit Card,Success,402
608,1/29/2025,Credit Card,Failed,1815
609,10/8/2024,Cash on Delivery,Pending,479
610,1/30/2025,PayPal,Failed,1915
611,3/25/2024,Cash on Delivery,Failed,1910
612,1/25/2025,Debit Card,Pending,112
613,2/24/2024,PayPal,Success,1624
614,11/27/2024,Debit Card,Failed,1601
615,3/13/2024,Credit Card,Success,1846
616,3/7/2024,Credit Card,Failed,1698
617,2/14/2024,Credit Card,Pending,1271
618,8/4/2024,Cash on Delivery,Success,954
619,9/7/2024,Debit Card,Pending,1926
620,5/11/2024,Cash on Delivery,Success,1540
621,3/31/2024,Debit Card,Failed,1613
622,9/9/2024,PayPal,Pending,252
623,6/11/2024,Debit Card,Success,1280
624,2/4/2025,Credit Card,Success,900
625,9/21/2024,Debit Card,Success,131
626,3/3/2024,Cash on Delivery,Pending,223
627,11/25/2024,Cash on Delivery,Failed,1670
628,11/30/2024,Debit Card,Pending,1413
629,1/4/2025,Credit Card,Failed,1694
630,12/19/2024,Credit Card,Success,18
631,2/14/2024,Credit Card,Success,866
632,7/26/2024,Debit Card,Failed,1974
633,3/9/2024,PayPal,Pending,1491
634,9/19/2024,Debit Card,Failed,73
635,4/12/2024,Credit Card,Success,59
636,5/17/2024,Credit Card,Success,1847
637,5/4/2024,Debit Card,Failed,325
638,1/7/2025,Credit Card,Success,1407
639,10/20/2024,Cash on Delivery,Success,1105
640,8/17/2024,Cash on Delivery,Pending,1033
641,10/3/2024,Credit Card,Failed,33
642,8/24/2024,Credit Card,Pending,406
643,5/3/2024,PayPal,Pending,509
644,5/6/2024,Debit Card,Pending,1903
645,8/3/2024,PayPal,Pending,754
646,4/13/2024,PayPal,Pending,971
647,10/17/2024,PayPal,Success,1893
648,8/2/2024,Debit Card,Success,1881
649,7/15/2024,PayPal,Success,581
650,3/13/2024,Debit Card,Success,253
651,11/13/2024,Cash on Delivery,Failed,1148
652,9/3/2024,Cash on Delivery,Failed,700
653,5/17/2024,Debit Card,Pending,787
654,11/17/2024,Debit Card,Success,88
655,7/24/2024,PayPal,Success,382
656,12/7/2024,Debit Card,Success,996
657,4/13/2024,Cash on Delivery,Pending,1219
658,6/29/2024,Cash on Delivery,Pending,13
659,3/7/2024,Cash on Delivery,Pending,1444
660,12/4/2024,Debit Card,Success,1475
661,8/7/2024,Cash on Delivery,Success,1824
662,7/28/2024,Credit Card,Pending,917
663,2/8/2025,PayPal,Success,480
664,4/27/2024,Debit Card,Success,784
665,12/4/2024,Debit Card,Pending,1143
666,10/19/2024,PayPal,Failed,490
667,10/18/2024,Credit Card,Failed,1920
668,10/30/2024,Credit Card,Failed,52
669,2/26/2024,Cash on Delivery,Failed,255
670,1/1/2025,Debit Card,Success,421
671,1/7/2025,Debit Card,Success,1556
672,8/7/2024,PayPal,Success,1547
673,1/17/2025,Debit Card,Success,724
674,6/14/2024,Cash on Delivery,Success,1441
675,5/18/2024,Debit Card,Failed,1318
676,3/6/2024,Debit Card,Success,808
677,3/22/2024,Credit Card,Failed,269
678,3/14/2024,Debit Card,Pending,1654
679,11/21/2024,Credit Card,Success,1580
680,2/25/2024,Credit Card,Success,761
681,12/23/2024,Credit Card,Failed,1546
682,1/17/2025,Debit Card,Failed,1660
683,8/3/2024,Debit Card,Pending,13
684,10/23/2024,PayPal,Pending,668
685,5/25/2024,Cash on Delivery,Pending,1299
686,3/6/2024,Credit Card,Failed,1322
687,6/9/2024,Cash on Delivery,Pending,30
688,1/20/2025,PayPal,Failed,1105
689,6/21/2024,Cash on Delivery,Pending,316
690,11/3/2024,Cash on Delivery,Failed,1455
691,5/19/2024,Credit Card,Success,1291
692,10/5/2024,Credit Card,Failed,1365
693,12/5/2024,Credit Card,Pending,1205
694,6/19/2024,Credit Card,Pending,1223
695,4/23/2024,Credit Card,Success,1798
696,6/10/2024,Debit Card,Failed,64
697,11/2/2024,PayPal,Pending,1967
698,1/4/2025,Debit Card,Failed,1581
699,7/14/2024,Credit Card,Success,127
700,7/22/2024,Credit Card,Pending,219
701,5/28/2024,PayPal,Pending,637
702,3/16/2024,Credit Card,Failed,1885
703,2/5/2025,Cash on Delivery,Failed,50
704,8/25/2024,Credit Card,Success,204
705,2/14/2024,Debit Card,Success,1283
706,3/13/2024,PayPal,Pending,332
707,10/4/2024,Credit Card,Failed,508
708,12/31/2024,PayPal,Success,1817
709,9/5/2024,PayPal,Pending,955
710,8/30/2024,Credit Card,Success,1142
711,5/7/2024,Debit Card,Success,1287
712,10/19/2024,PayPal,Pending,622
713,7/10/2024,Cash on Delivery,Pending,905
714,4/11/2024,Cash on Delivery,Success,694
715,12/18/2024,Credit Card,Pending,1312
716,3/12/2024,PayPal,Pending,1365
717,5/11/2024,Debit Card,Pending,1761
718,12/26/2024,Debit Card,Failed,513
719,11/16/2024,PayPal,Success,528
720,12/23/2024,Debit Card,Pending,1835
721,2/26/2024,Cash on Delivery,Success,1498
722,12/4/2024,Debit Card,Failed,787
723,2/27/2024,Credit Card,Pending,1821
724,7/27/2024,PayPal,Success,1257
725,11/19/2024,Credit Card,Success,1655
726,3/20/2024,PayPal,Pending,1008
727,10/4/2024,PayPal,Pending,1889
728,4/13/2024,PayPal,Pending,1494
729,12/6/2024,PayPal,Failed,678
730,2/21/2024,Cash on Delivery,Pending,635
731,3/7/2024,Debit Card,Failed,1927
732,12/26/2024,Debit Card,Pending,218
733,3/8/2024,Debit Card,Success,147
734,8/26/2024,PayPal,Failed,800
735,5/19/2024,PayPal,Success,253
736,7/13/2024,Debit Card,Pending,1947
737,1/14/2025,Cash on Delivery,Failed,416
738,11/1/2024,Credit Card,Failed,1448
739,12/8/2024,Cash on Delivery,Pending,903
740,12/23/2024,Credit Card,Failed,838
741,11/24/2024,PayPal,Success,531
742,4/28/2024,Cash on Delivery,Pending,1208
743,6/15/2024,Credit Card,Pending,503
744,10/2/2024,Debit Card,Failed,382
745,1/25/2025,Debit Card,Failed,195
746,9/19/2024,Cash on Delivery,Pending,1287
747,9/21/2024,PayPal,Failed,690
748,10/1/2024,Cash on Delivery,Pending,1864
749,8/27/2024,Debit Card,Success,449
750,12/27/2024,Credit Card,Failed,160
751,2/12/2024,Cash on Delivery,Failed,1354
752,1/30/2025,Credit Card,Failed,1111
753,1/29/2025,PayPal,Failed,594
754,12/25/2024,Credit Card,Success,730
755,11/27/2024,Cash on Delivery,Success,1782
756,3/1/2024,Debit Card,Success,840
757,4/25/2024,PayPal,Success,387
758,10/9/2024,PayPal,Success,1360
759,5/19/2024,Cash on Delivery,Pending,870
760,10/13/2024,PayPal,Failed,212
761,4/17/2024,Credit Card,Failed,1916
762,5/13/2024,Cash on Delivery,Success,1778
763,8/4/2024,Credit Card,Success,1180
764,10/2/2024,Debit Card,Pending,752
765,10/19/2024,Cash on Delivery,Failed,730
766,3/5/2024,Debit Card,Pending,984
767,8/15/2024,Credit Card,Pending,1662
768,4/9/2024,PayPal,Failed,554
769,7/25/2024,Debit Card,Pending,1419
770,11/21/2024,Debit Card,Failed,1531
771,7/6/2024,Debit Card,Success,1951
772,12/23/2024,PayPal,Success,664
773,11/2/2024,Cash on Delivery,Success,1605
774,6/29/2024,Credit Card,Pending,447
775,2/11/2025,Debit Card,Failed,1424
776,11/5/2024,Debit Card,Failed,416
777,10/27/2024,PayPal,Pending,1650
778,3/27/2024,Debit Card,Success,1736
779,7/3/2024,Debit Card,Pending,228
780,10/10/2024,Cash on Delivery,Pending,79
781,6/13/2024,Debit Card,Failed,153
782,10/28/2024,Credit Card,Failed,639
783,12/1/2024,PayPal,Success,780
784,3/1/2024,Cash on Delivery,Pending,789
785,3/24/2024,PayPal,Failed,1783
786,11/13/2024,Debit Card,Success,124
787,10/1/2024,Cash on Delivery,Failed,677
788,10/26/2024,PayPal,Failed,1435
789,5/6/2024,Debit Card,Success,1542
790,3/28/2024,Cash on Delivery,Failed,101
791,10/14/2024,PayPal,Failed,1596
792,12/30/2024,Debit Card,Pending,64
793,11/13/2024,PayPal,Success,24
794,5/6/2024,PayPal,Failed,1123
795,8/14/2024,Cash on Delivery,Success,224
796,4/14/2024,Debit Card,Pending,1634
797,1/18/2025,PayPal,Failed,1990
798,12/9/2024,Debit Card,Success,1554
799,12/15/2024,Debit Card,Pending,13
800,9/6/2024,PayPal,Success,694
801,8/23/2024,Credit Card,Pending,1277
802,1/31/2025,Cash on Delivery,Pending,922
803,6/22/2024,Credit Card,Failed,341
804,6/21/2024,Cash on Delivery,Failed,1299
805,1/24/2025,PayPal,Failed,1445
806,10/22/2024,Debit Card,Success,1633
807,11/14/2024,Debit Card,Success,13
808,4/30/2024,Debit Card,Pending,1291
809,9/14/2024,Debit Card,Pending,1543
810,2/16/2024,Credit Card,Failed,930
811,7/18/2024,Credit Card,Pending,1862
812,6/13/2024,Debit Card,Pending,956
813,8/3/2024,Debit Card,Pending,886
814,6/3/2024,Debit Card,Pending,710
815,12/11/2024,Credit Card,Pending,853
816,1/20/2025,Cash on Delivery,Pending,1982
817,6/3/2024,Debit Card,Success,380
818,4/30/2024,Credit Card,Failed,1454
819,3/29/2024,Debit Card,Pending,374
820,4/9/2024,Debit Card,Failed,1288
821,7/16/2024,Cash on Delivery,Failed,1452
822,10/15/2024,Credit Card,Failed,1962
823,8/23/2024,Debit Card,Failed,827
824,7/19/2024,Credit Card,Pending,1019
825,5/9/2024,PayPal,Success,251
826,7/30/2024,PayPal,Success,368
827,6/17/2024,Cash on Delivery,Success,670
828,7/12/2024,Cash on Delivery,Failed,1522
829,3/7/2024,PayPal,Failed,1091
830,8/8/2024,Debit Card,Failed,1177
831,1/8/2025,Cash on Delivery,Pending,360
832,5/3/2024,PayPal,Success,1263
833,4/7/2024,Cash on Delivery,Pending,1644
834,7/15/2024,Debit Card,Pending,274
835,6/27/2024,PayPal,Pending,66
836,5/15/2024,Debit Card,Failed,320
837,1/18/2025,Credit Card,Pending,489
838,3/1/2024,Debit Card,Success,1921
839,10/19/2024,Credit Card,Success,1635
840,5/18/2024,Credit Card,Success,1818
841,2/19/2024,Debit Card,Success,467
842,1/5/2025,Cash on Delivery,Pending,908
843,1/4/2025,Debit Card,Success,1518
844,12/4/2024,PayPal,Success,107
845,4/5/2024,Credit Card,Pending,653
846,10/20/2024,Debit Card,Failed,1554
847,9/1/2024,PayPal,Failed,1114
848,4/15/2024,Cash on Delivery,Success,202
849,1/5/2025,Credit Card,Failed,1881
850,2/16/2024,Debit Card,Success,761
851,11/3/2024,Debit Card,Success,258
852,11/6/2024,Debit Card,Success,1449
853,11/16/2024,Cash on Delivery,Success,710
854,10/19/2024,PayPal,Failed,1221
855,8/21/2024,Cash on Delivery,Success,911
856,9/17/2024,Credit Card,Pending,6
857,4/4/2024,Cash on Delivery,Success,1242
858,10/31/2024,Debit Card,Success,191
859,7/25/2024,PayPal,Pending,257
860,12/15/2024,Cash on Delivery,Pending,1973
861,3/10/2024,PayPal,Failed,1234
862,10/7/2024,Credit Card,Pending,1198
863,2/2/2025,PayPal,Failed,1882
864,12/21/2024,Cash on Delivery,Pending,1774
865,4/19/2024,Cash on Delivery,Success,1953
866,7/29/2024,Cash on Delivery,Failed,1061
867,10/16/2024,PayPal,Failed,1086
868,5/6/2024,Credit Card,Pending,928
869,2/29/2024,Credit Card,Pending,34
870,9/23/2024,PayPal,Pending,457
871,8/18/2024,PayPal,Pending,1661
872,5/20/2024,Cash on Delivery,Success,208
873,3/2/2024,PayPal,Pending,376
874,1/25/2025,Debit Card,Failed,236
875,10/2/2024,Debit Card,Pending,145
876,6/16/2024,Debit Card,Pending,1579
877,7/16/2024,PayPal,Failed,1273
878,11/17/2024,Credit Card,Pending,985
879,5/10/2024,PayPal,Success,1589
880,3/3/2024,Cash on Delivery,Success,745
881,12/11/2024,PayPal,Pending,758
882,1/15/2025,PayPal,Failed,401
883,10/9/2024,Credit Card,Success,671
884,4/9/2024,Cash on Delivery,Pending,375
885,11/14/2024,Credit Card,Success,709
886,12/15/2024,PayPal,Failed,1126
887,1/19/2025,PayPal,Failed,64
888,11/18/2024,Cash on Delivery,Pending,75
889,9/17/2024,PayPal,Success,1371
890,5/27/2024,Credit Card,Failed,1317
891,2/28/2024,Cash on Delivery,Pending,1725
892,7/24/2024,PayPal,Failed,1576
893,3/20/2024,Cash on Delivery,Failed,1227
894,7/23/2024,PayPal,Pending,1903
895,4/10/2024,PayPal,Pending,183
896,11/13/2024,Debit Card,Success,80
897,6/26/2024,Debit Card,Failed,1849
898,11/17/2024,Cash on Delivery,Success,95
899,3/1/2024,Debit Card,Pending,1005
900,9/17/2024,Debit Card,Failed,984
901,9/17/2024,PayPal,Pending,1915
902,9/6/2024,Debit Card,Success,26
903,12/3/2024,PayPal,Pending,1497
904,9/25/2024,Credit Card,Failed,1256
905,6/2/2024,PayPal,Pending,1807
906,6/13/2024,Credit Card,Pending,517
907,2/27/2024,Debit Card,Failed,493
908,10/19/2024,Debit Card,Success,1375
909,11/16/2024,Credit Card,Success,1421
910,1/17/2025,Cash on Delivery,Success,1349
911,6/4/2024,Cash on Delivery,Failed,1034
912,5/2/2024,PayPal,Pending,156
913,6/20/2024,Debit Card,Failed,377
914,7/27/2024,Debit Card,Failed,233
915,8/14/2024,Debit Card,Failed,1941
916,2/19/2024,Credit Card,Success,612
917,6/17/2024,Cash on Delivery,Pending,907
918,2/2/2025,Debit Card,Failed,286
919,5/13/2024,Credit Card,Success,172
920,9/27/2024,Debit Card,Success,874
921,4/3/2024,Cash on Delivery,Pending,181
922,7/13/2024,Credit Card,Pending,258
923,9/22/2024,Credit Card,Pending,517
924,4/4/2024,PayPal,Pending,1127
925,1/17/2025,Cash on Delivery,Success,974
926,1/15/2025,Credit Card,Success,1905
927,10/29/2024,Cash on Delivery,Failed,1598
928,9/26/2024,Credit Card,Pending,1686
929,6/4/2024,Debit Card,Failed,1433
930,10/15/2024,Cash on Delivery,Pending,1060
931,5/17/2024,Debit Card,Failed,1886
932,6/22/2024,Credit Card,Pending,1124
933,11/15/2024,PayPal,Pending,70
934,6/24/2024,Debit Card,Success,1696
935,1/23/2025,Credit Card,Success,1984
936,11/11/2024,PayPal,Success,1535
937,2/20/2024,Debit Card,Pending,220
938,1/4/2025,Credit Card,Success,622
939,10/3/2024,Cash on Delivery,Success,773
940,6/16/2024,PayPal,Success,647
941,6/24/2024,Debit Card,Pending,899
942,2/22/2024,PayPal,Pending,1700
943,9/10/2024,PayPal,Pending,1077
944,4/26/2024,Debit Card,Failed,1921
945,2/14/2024,Debit Card,Success,1786
946,1/11/2025,PayPal,Failed,825
947,2/5/2025,Debit Card,Failed,670
948,5/31/2024,Credit Card,Failed,1421
949,6/27/2024,Cash on Delivery,Success,1743
950,8/12/2024,Credit Card,Success,1198
951,11/28/2024,PayPal,Pending,270
952,8/30/2024,Credit Card,Failed,606
953,4/26/2024,Credit Card,Failed,1456
954,9/5/2024,Credit Card,Success,72
955,3/23/2024,Debit Card,Success,1424
956,3/15/2024,PayPal,Failed,117
957,12/14/2024,Cash on Delivery,Failed,906
958,11/23/2024,Cash on Delivery,Success,1315
959,9/10/2024,Debit Card,Success,1385
960,11/30/2024,Debit Card,Pending,161
961,4/4/2024,Debit Card,Success,808
962,3/24/2024,Debit Card,Failed,1920
963,12/15/2024,Cash on Delivery,Success,696
964,4/29/2024,Debit Card,Success,196
965,4/8/2024,Debit Card,Pending,119
966,1/2/2025,Debit Card,Failed,1073
967,7/12/2024,Cash on Delivery,Pending,538
968,8/4/2024,Credit Card,Pending,1469
969,8/6/2024,Credit Card,Failed,878
970,10/9/2024,Debit Card,Pending,994
971,11/4/2024,PayPal,Success,780
972,12/20/2024,Cash on Delivery,Failed,197
973,1/22/2025,Credit Card,Failed,940
974,7/21/2024,Cash on Delivery,Pending,853
975,7/28/2024,Debit Card,Failed,1363
976,7/26/2024,Credit Card,Failed,1138
977,9/22/2024,Credit Card,Pending,181
978,11/22/2024,Credit Card,Pending,32
979,3/7/2024,PayPal,Failed,1284
980,12/7/2024,Credit Card,Pending,91
981,12/16/2024,Cash on Delivery,Success,967
982,1/31/2025,Debit Card,Pending,137
983,11/11/2024,Cash on Delivery,Failed,1988
984,12/26/2024,Cash on Delivery,Failed,1601
985,3/11/2024,Credit Card,Failed,629
986,1/26/2025,Debit Card,Pending,1891
987,1/25/2025,Cash on Delivery,Pending,1626
988,12/18/2024,PayPal,Failed,1671
989,10/10/2024,PayPal,Pending,1233
990,6/16/2024,PayPal,Pending,1538
991,9/8/2024,Credit Card,Failed,25
992,1/24/2025,Credit Card,Success,1404
993,8/11/2024,Cash on Delivery,Success,955
994,10/11/2024,Cash on Delivery,Pending,1780
995,12/13/2024,Debit Card,Success,55
996,4/25/2024,PayPal,Pending,1944
997,6/15/2024,Credit Card,Failed,426
998,8/14/2024,PayPal,Pending,1155
999,1/27/2025,Cash on Delivery,Success,196
1000,8/17/2024,Cash on Delivery,Success,1419
1001,12/31/2024,Cash on Delivery,Pending,942
1002,4/2/2024,Credit Card,Pending,1838
1003,12/27/2024,Cash on Delivery,Success,325
1004,3/16/2024,PayPal,Pending,1574
1005,4/19/2024,PayPal,Success,219
1006,3/4/2024,Credit Card,Success,1540
1007,9/7/2024,Credit Card,Pending,846
1008,4/19/2024,PayPal,Failed,825
1009,9/7/2024,Credit Card,Success,913
1010,6/5/2024,Cash on Delivery,Success,1416
1011,11/25/2024,Cash on Delivery,Failed,1644
1012,2/25/2024,Credit Card,Pending,454
1013,6/24/2024,PayPal,Pending,59
1014,10/25/2024,Debit Card,Pending,1881
1015,10/20/2024,Cash on Delivery,Success,1501
1016,11/23/2024,Cash on Delivery,Failed,102
1017,10/28/2024,Cash on Delivery,Pending,1221
1018,3/17/2024,Debit Card,Failed,1567
1019,8/13/2024,Credit Card,Pending,731
1020,4/14/2024,PayPal,Pending,1776
1021,9/12/2024,Cash on Delivery,Pending,481
1022,3/28/2024,Debit Card,Failed,1068
1023,6/21/2024,Cash on Delivery,Failed,1061
1024,9/7/2024,Credit Card,Success,25
1025,11/9/2024,Credit Card,Failed,1927
1026,3/29/2024,Credit Card,Success,922
1027,6/14/2024,Debit Card,Failed,1879
1028,12/8/2024,Cash on Delivery,Pending,175
1029,2/17/2024,Debit Card,Pending,1511
1030,6/15/2024,Debit Card,Success,740
1031,7/10/2024,PayPal,Failed,1882
1032,4/5/2024,PayPal,Pending,1646
1033,8/18/2024,Cash on Delivery,Pending,757
1034,4/24/2024,Debit Card,Pending,1
1035,3/2/2024,Credit Card,Success,805
1036,8/24/2024,Credit Card,Pending,159
1037,12/27/2024,Cash on Delivery,Success,766
1038,8/16/2024,Credit Card,Pending,1587
1039,3/1/2024,Credit Card,Success,350
1040,4/1/2024,PayPal,Success,1985
1041,7/4/2024,Debit Card,Success,357
1042,7/9/2024,Debit Card,Success,257
1043,2/19/2024,Debit Card,Success,873
1044,12/29/2024,Cash on Delivery,Pending,1916
1045,7/23/2024,Debit Card,Success,1347
1046,5/22/2024,PayPal,Pending,90
1047,11/20/2024,PayPal,Success,1325
1048,6/10/2024,Cash on Delivery,Success,504
1049,5/23/2024,Cash on Delivery,Failed,741
1050,7/20/2024,Cash on Delivery,Success,52
1051,4/14/2024,Debit Card,Success,1399
1052,2/18/2024,PayPal,Pending,1845
1053,12/25/2024,PayPal,Failed,638
1054,7/22/2024,PayPal,Success,1103
1055,5/26/2024,Debit Card,Failed,1647
1056,4/25/2024,Cash on Delivery,Pending,884
1057,6/16/2024,Cash on Delivery,Failed,754
1058,1/16/2025,Cash on Delivery,Success,24
1059,9/22/2024,Cash on Delivery,Success,1754
1060,10/5/2024,Debit Card,Success,1013
1061,9/29/2024,Cash on Delivery,Pending,309
1062,4/3/2024,Credit Card,Pending,558
1063,7/6/2024,Debit Card,Success,1723
1064,2/18/2024,Debit Card,Failed,797
1065,6/14/2024,Debit Card,Failed,1354
1066,1/22/2025,Credit Card,Pending,516
1067,1/31/2025,PayPal,Failed,1182
1068,3/26/2024,Credit Card,Pending,911
1069,3/12/2024,Credit Card,Success,287
1070,12/10/2024,Cash on Delivery,Success,387
1071,5/4/2024,Cash on Delivery,Pending,1632
1072,5/14/2024,PayPal,Failed,383
1073,1/6/2025,Credit Card,Pending,1475
1074,7/13/2024,PayPal,Failed,36
1075,1/6/2025,Credit Card,Success,1404
1076,8/25/2024,Cash on Delivery,Pending,739
1077,4/11/2024,Cash on Delivery,Success,30
1078,7/25/2024,Credit Card,Pending,35
1079,12/1/2024,Cash on Delivery,Failed,997
1080,9/4/2024,Debit Card,Failed,1379
1081,3/3/2024,Cash on Delivery,Failed,1434
1082,7/19/2024,Cash on Delivery,Pending,22
1083,5/19/2024,Debit Card,Failed,991
1084,11/25/2024,Cash on Delivery,Failed,1349
1085,10/3/2024,Debit Card,Success,924
1086,7/1/2024,Debit Card,Success,745
1087,2/18/2024,Cash on Delivery,Success,1081
1088,11/28/2024,PayPal,Pending,1371
1089,11/16/2024,Cash on Delivery,Success,1302
1090,6/23/2024,PayPal,Pending,1967
1091,2/24/2024,Cash on Delivery,Success,1325
1092,7/2/2024,Cash on Delivery,Pending,1375
1093,8/14/2024,PayPal,Pending,997
1094,2/12/2024,Debit Card,Success,257
1095,11/29/2024,Cash on Delivery,Pending,1148
1096,9/2/2024,PayPal,Pending,272
1097,9/4/2024,Debit Card,Success,219
1098,1/18/2025,Cash on Delivery,Failed,1897
1099,10/8/2024,PayPal,Failed,1346
1100,12/26/2024,PayPal,Success,520
1101,7/25/2024,Credit Card,Failed,1059
1102,1/27/2025,Debit Card,Failed,965
1103,3/17/2024,Credit Card,Pending,498
1104,6/23/2024,PayPal,Failed,1046
1105,8/22/2024,PayPal,Success,537
1106,8/22/2024,Cash on Delivery,Success,1933
1107,4/22/2024,Credit Card,Pending,1333
1108,4/13/2024,Debit Card,Pending,984
1109,7/14/2024,Credit Card,Failed,1735
1110,4/4/2024,PayPal,Pending,318
1111,9/5/2024,Credit Card,Success,1124
1112,1/1/2025,PayPal,Success,901
1113,12/7/2024,Credit Card,Success,812
1114,3/10/2024,Credit Card,Pending,131
1115,7/9/2024,PayPal,Success,766
1116,5/6/2024,Cash on Delivery,Pending,435
1117,6/11/2024,Debit Card,Pending,1379
1118,10/28/2024,Debit Card,Pending,1662
1119,9/9/2024,Debit Card,Pending,367
1120,4/7/2024,Credit Card,Success,92
1121,6/8/2024,Debit Card,Failed,767
1122,6/28/2024,Credit Card,Success,370
1123,11/25/2024,PayPal,Success,599
1124,4/21/2024,PayPal,Pending,1519
1125,2/9/2025,Debit Card,Success,264
1126,2/10/2025,Cash on Delivery,Pending,43
1127,9/27/2024,Cash on Delivery,Pending,120
1128,10/31/2024,Debit Card,Pending,701
1129,2/14/2024,PayPal,Success,1610
1130,12/7/2024,PayPal,Pending,1084
1131,3/26/2024,Cash on Delivery,Failed,1695
1132,6/9/2024,Cash on Delivery,Pending,463
1133,7/17/2024,Credit Card,Success,1677
1134,1/30/2025,PayPal,Success,1079
1135,1/11/2025,Debit Card,Success,235
1136,5/27/2024,Credit Card,Failed,1358
1137,11/15/2024,Debit Card,Pending,579
1138,11/17/2024,Credit Card,Failed,1078
1139,2/17/2024,Cash on Delivery,Success,1177
1140,8/1/2024,Cash on Delivery,Pending,843
1141,4/19/2024,Debit Card,Failed,416
1142,2/9/2025,PayPal,Failed,1015
1143,8/20/2024,Cash on Delivery,Failed,1401
1144,3/18/2024,Cash on Delivery,Success,1008
1145,11/19/2024,PayPal,Success,804
1146,10/16/2024,PayPal,Pending,1051
1147,10/26/2024,PayPal,Success,923
1148,11/6/2024,Credit Card,Pending,777
1149,5/31/2024,Debit Card,Success,1809
1150,4/9/2024,Debit Card,Success,539
1151,4/10/2024,Debit Card,Pending,161
1152,3/2/2024,Cash on Delivery,Pending,416
1153,3/11/2024,Credit Card,Pending,924
1154,1/15/2025,PayPal,Pending,1659
1155,11/7/2024,Credit Card,Failed,1463
1156,3/29/2024,Debit Card,Success,1699
1157,9/16/2024,Cash on Delivery,Success,347
1158,9/21/2024,Credit Card,Pending,201
1159,11/12/2024,Debit Card,Pending,1193
1160,9/3/2024,Debit Card,Failed,1237
1161,8/5/2024,Credit Card,Pending,575
1162,9/26/2024,Cash on Delivery,Success,1367
1163,3/30/2024,PayPal,Failed,530
1164,8/18/2024,PayPal,Failed,1666
1165,11/24/2024,PayPal,Pending,1548
1166,2/1/2025,PayPal,Failed,602
1167,5/4/2024,Credit Card,Failed,266
1168,9/2/2024,PayPal,Failed,942
1169,2/17/2024,Cash on Delivery,Success,725
1170,6/23/2024,Cash on Delivery,Failed,107
1171,12/15/2024,Credit Card,Pending,1592
1172,7/6/2024,Cash on Delivery,Failed,373
1173,5/15/2024,Credit Card,Failed,1978
1174,1/13/2025,Debit Card,Success,1416
1175,3/14/2024,Cash on Delivery,Failed,438
1176,10/20/2024,Cash on Delivery,Pending,1623
1177,3/25/2024,PayPal,Failed,462
1178,12/5/2024,Cash on Delivery,Failed,1569
1179,2/4/2025,Credit Card,Success,789
1180,5/29/2024,PayPal,Success,286
1181,10/30/2024,Cash on Delivery,Success,694
1182,11/11/2024,PayPal,Pending,532
1183,10/25/2024,Debit Card,Success,1009
1184,9/8/2024,Cash on Delivery,Success,1639
1185,1/20/2025,Cash on Delivery,Pending,191
1186,5/2/2024,Cash on Delivery,Failed,580
1187,12/7/2024,Credit Card,Failed,317
1188,9/11/2024,PayPal,Success,1948
1189,1/26/2025,PayPal,Pending,1791
1190,2/1/2025,Cash on Delivery,Success,4
1191,7/16/2024,Cash on Delivery,Pending,67
1192,9/5/2024,Cash on Delivery,Failed,995
1193,9/3/2024,Credit Card,Success,1077
1194,10/13/2024,Cash on Delivery,Success,528
1195,3/11/2024,PayPal,Failed,1965
1196,2/21/2024,Cash on Delivery,Success,1325
1197,12/28/2024,Credit Card,Success,1161
1198,5/31/2024,Cash on Delivery,Failed,71
1199,1/20/2025,Credit Card,Success,183
1200,4/12/2024,PayPal,Failed,542
1201,12/6/2024,Debit Card,Failed,363
1202,9/6/2024,Cash on Delivery,Success,1027
1203,6/8/2024,Cash on Delivery,Failed,165
1204,9/16/2024,Credit Card,Success,1205
1205,2/15/2024,PayPal,Failed,123
1206,2/25/2024,Credit Card,Success,844
1207,1/10/2025,Cash on Delivery,Failed,1340
1208,5/15/2024,PayPal,Pending,1592
1209,12/16/2024,Credit Card,Pending,772
1210,2/11/2025,Credit Card,Pending,1926
1211,6/19/2024,PayPal,Pending,283
1212,9/16/2024,PayPal,Success,235
1213,4/25/2024,Cash on Delivery,Failed,182
1214,9/11/2024,Cash on Delivery,Pending,1068
1215,11/30/2024,Cash on Delivery,Pending,1174
1216,8/15/2024,PayPal,Failed,1199
1217,7/1/2024,Cash on Delivery,Pending,408
1218,7/5/2024,PayPal,Failed,594
1219,7/20/2024,Cash on Delivery,Failed,948
1220,8/26/2024,Credit Card,Pending,1410
1221,4/15/2024,PayPal,Failed,1373
1222,1/5/2025,Cash on Delivery,Failed,897
1223,6/17/2024,Credit Card,Pending,579
1224,4/23/2024,PayPal,Success,1729
1225,9/15/2024,Cash on Delivery,Failed,851
1226,7/29/2024,Debit Card,Success,909
1227,6/1/2024,Credit Card,Failed,1690
1228,11/21/2024,Credit Card,Pending,666
1229,2/5/2025,PayPal,Failed,165
1230,2/12/2024,PayPal,Failed,1435
1231,7/10/2024,Debit Card,Pending,1509
1232,7/4/2024,PayPal,Pending,921
1233,1/10/2025,Credit Card,Failed,1243
1234,10/21/2024,Credit Card,Failed,1307
1235,8/31/2024,Cash on Delivery,Success,702
1236,8/19/2024,Credit Card,Success,346
1237,1/1/2025,PayPal,Success,1428
1238,10/8/2024,Debit Card,Pending,1537
1239,5/27/2024,Cash on Delivery,Success,194
1240,4/29/2024,PayPal,Failed,1209
1241,12/5/2024,Credit Card,Success,337
1242,5/14/2024,Cash on Delivery,Success,1468
1243,7/22/2024,Debit Card,Success,688
1244,10/11/2024,Credit Card,Failed,1528
1245,9/17/2024,Debit Card,Pending,1947
1246,9/22/2024,Cash on Delivery,Success,1290
1247,7/22/2024,Credit Card,Pending,1965
1248,8/13/2024,Cash on Delivery,Success,39
1249,2/21/2024,Debit Card,Failed,780
1250,9/1/2024,Debit Card,Pending,673
1251,9/7/2024,Credit Card,Failed,614
1252,12/29/2024,Credit Card,Failed,1422
1253,6/23/2024,Debit Card,Failed,1066
1254,3/12/2024,Cash on Delivery,Failed,725
1255,10/8/2024,Cash on Delivery,Pending,1342
1256,6/24/2024,PayPal,Pending,684
1257,5/10/2024,Debit Card,Failed,39
1258,2/11/2025,Credit Card,Success,1939
1259,7/4/2024,Debit Card,Failed,1443
1260,7/16/2024,PayPal,Success,614
1261,7/23/2024,Cash on Delivery,Success,1113
1262,1/13/2025,Cash on Delivery,Failed,71
1263,1/18/2025,Debit Card,Pending,294
1264,10/25/2024,Credit Card,Pending,1731
1265,10/24/2024,Debit Card,Failed,1313
1266,12/23/2024,Credit Card,Pending,1452
1267,4/21/2024,Debit Card,Pending,1215
1268,3/23/2024,Cash on Delivery,Pending,1930
1269,6/3/2024,Debit Card,Pending,1021
1270,6/15/2024,Cash on Delivery,Success,554
1271,4/15/2024,PayPal,Failed,351
1272,2/22/2024,Debit Card,Pending,1831
1273,10/7/2024,Cash on Delivery,Success,10
1274,4/2/2024,Credit Card,Pending,263
1275,1/19/2025,Credit Card,Success,68
1276,8/10/2024,Debit Card,Pending,1078
1277,10/5/2024,Cash on Delivery,Failed,516
1278,9/15/2024,Debit Card,Success,1393
1279,5/11/2024,Cash on Delivery,Failed,1388
1280,4/23/2024,Debit Card,Failed,1704
1281,4/27/2024,Credit Card,Failed,938
1282,4/9/2024,PayPal,Pending,1809
1283,1/7/2025,Cash on Delivery,Pending,225
1284,1/24/2025,Credit Card,Pending,424
1285,5/29/2024,PayPal,Failed,956
1286,4/17/2024,Credit Card,Success,545
1287,6/30/2024,Debit Card,Pending,1806
1288,11/18/2024,Cash on Delivery,Success,672
1289,4/20/2024,Debit Card,Failed,396
1290,12/21/2024,Debit Card,Failed,1212
1291,12/23/2024,Cash on Delivery,Pending,76
1292,8/6/2024,PayPal,Success,1006
1293,4/8/2024,Credit Card,Failed,75
1294,1/25/2025,Debit Card,Failed,1234
1295,7/23/2024,Cash on Delivery,Failed,1544
1296,12/2/2024,Debit Card,Failed,1750
1297,1/4/2025,Credit Card,Success,1085
1298,7/4/2024,Debit Card,Success,176
1299,12/4/2024,Credit Card,Failed,1855
1300,10/5/2024,PayPal,Failed,1864
1301,3/18/2024,PayPal,Pending,1164
1302,3/20/2024,PayPal,Failed,1702
1303,12/9/2024,Credit Card,Failed,306
1304,7/9/2024,Debit Card,Success,956
1305,3/28/2024,PayPal,Pending,398
1306,9/20/2024,Debit Card,Failed,52
1307,2/29/2024,PayPal,Success,1385
1308,6/14/2024,Cash on Delivery,Pending,1661
1309,1/30/2025,Debit Card,Pending,78
1310,5/20/2024,Debit Card,Success,967
1311,4/26/2024,Cash on Delivery,Success,884
1312,3/19/2024,Credit Card,Success,1176
1313,8/11/2024,PayPal,Success,959
1314,6/28/2024,Cash on Delivery,Pending,814
1315,5/31/2024,PayPal,Failed,1490
1316,5/6/2024,PayPal,Pending,1368
1317,1/16/2025,Cash on Delivery,Pending,1154
1318,5/16/2024,Cash on Delivery,Success,353
1319,10/5/2024,Cash on Delivery,Failed,1412
1320,7/30/2024,Credit Card,Success,1453
1321,9/12/2024,Cash on Delivery,Pending,1558
1322,10/14/2024,Debit Card,Pending,1093
1323,5/8/2024,Credit Card,Failed,327
1324,5/19/2024,PayPal,Failed,1021
1325,2/12/2024,Cash on Delivery,Pending,1541
1326,2/13/2024,Cash on Delivery,Success,1111
1327,10/12/2024,PayPal,Success,1280
1328,7/19/2024,Credit Card,Failed,11
1329,11/17/2024,Cash on Delivery,Pending,497
1330,3/28/2024,Cash on Delivery,Failed,1812
1331,5/5/2024,PayPal,Success,1778
1332,4/27/2024,PayPal,Failed,1328
1333,8/11/2024,PayPal,Failed,1016
1334,6/8/2024,Credit Card,Success,991
1335,3/31/2024,Debit Card,Failed,247
1336,4/27/2024,Cash on Delivery,Pending,1934
1337,2/1/2025,Credit Card,Success,243
1338,2/6/2025,Cash on Delivery,Success,231
1339,10/10/2024,Debit Card,Success,715
1340,10/1/2024,Credit Card,Failed,1944
1341,2/3/2025,Cash on Delivery,Success,737
1342,7/22/2024,Cash on Delivery,Failed,1091
1343,3/1/2024,Credit Card,Success,832
1344,10/11/2024,PayPal,Failed,1103
1345,12/18/2024,Credit Card,Failed,566
1346,11/25/2024,Debit Card,Failed,1734
1347,1/9/2025,Credit Card,Failed,275
1348,10/31/2024,Debit Card,Success,955
1349,3/20/2024,Credit Card,Failed,810
1350,3/24/2024,Debit Card,Success,1993
1351,5/21/2024,Debit Card,Failed,882
1352,1/1/2025,Debit Card,Success,1362
1353,6/14/2024,PayPal,Pending,940
1354,5/28/2024,PayPal,Failed,1199
1355,4/5/2024,Debit Card,Failed,184
1356,10/3/2024,Cash on Delivery,Pending,999
1357,11/16/2024,PayPal,Success,1538
1358,3/12/2024,PayPal,Failed,686
1359,3/31/2024,Debit Card,Pending,1892
1360,12/17/2024,PayPal,Success,308
1361,4/16/2024,Cash on Delivery,Failed,1289
1362,1/29/2025,Debit Card,Failed,1432
1363,6/27/2024,Debit Card,Success,1985
1364,1/5/2025,Credit Card,Failed,294
1365,12/3/2024,Credit Card,Pending,350
1366,10/24/2024,Cash on Delivery,Success,713
1367,1/5/2025,Cash on Delivery,Success,1456
1368,12/26/2024,PayPal,Success,1570
1369,7/12/2024,Credit Card,Failed,1826
1370,7/1/2024,Debit Card,Failed,1154
1371,1/6/2025,Debit Card,Failed,130
1372,1/5/2025,Credit Card,Pending,1719
1373,11/7/2024,Debit Card,Failed,226
1374,4/26/2024,Credit Card,Pending,1248
1375,5/25/2024,Credit Card,Failed,1985
1376,6/8/2024,Cash on Delivery,Failed,392
1377,1/17/2025,Credit Card,Pending,859
1378,2/1/2025,Debit Card,Pending,209
1379,1/14/2025,PayPal,Success,182
1380,7/24/2024,PayPal,Failed,148
1381,4/25/2024,Credit Card,Failed,1801
1382,3/31/2024,Debit Card,Success,1622
1383,11/13/2024,Debit Card,Success,341
1384,8/2/2024,Cash on Delivery,Success,662
1385,10/11/2024,Cash on Delivery,Pending,421
1386,7/4/2024,PayPal,Failed,451
1387,3/10/2024,Credit Card,Success,1606
1388,11/18/2024,Credit Card,Success,736
1389,2/23/2024,Credit Card,Failed,188
1390,11/3/2024,PayPal,Failed,1258
1391,2/1/2025,Cash on Delivery,Pending,43
1392,10/5/2024,Debit Card,Pending,1310
1393,6/10/2024,Cash on Delivery,Success,1755
1394,7/18/2024,Credit Card,Success,908
1395,11/29/2024,Cash on Delivery,Failed,1867
1396,12/25/2024,Credit Card,Failed,1857
1397,10/31/2024,Debit Card,Pending,32
1398,8/10/2024,Cash on Delivery,Success,321
1399,5/7/2024,Cash on Delivery,Success,1845
1400,9/16/2024,Credit Card,Pending,811
1401,3/26/2024,Cash on Delivery,Pending,1459
1402,2/9/2025,Debit Card,Success,528
1403,8/11/2024,Cash on Delivery,Pending,1668
1404,9/23/2024,Cash on Delivery,Failed,91
1405,10/25/2024,Credit Card,Pending,1324
1406,12/21/2024,Cash on Delivery,Success,458
1407,3/8/2024,Cash on Delivery,Pending,1862
1408,7/3/2024,Cash on Delivery,Success,395
1409,5/21/2024,Cash on Delivery,Success,1132
1410,12/29/2024,Credit Card,Failed,102
1411,12/7/2024,Debit Card,Success,1934
1412,10/26/2024,Cash on Delivery,Success,786
1413,5/5/2024,Debit Card,Pending,1460
1414,2/22/2024,PayPal,Success,1304
1415,11/10/2024,PayPal,Failed,170
1416,12/1/2024,Credit Card,Success,1383
1417,8/31/2024,Debit Card,Success,815
1418,8/30/2024,PayPal,Success,573
1419,7/29/2024,Cash on Delivery,Pending,473
1420,10/12/2024,PayPal,Success,200
1421,6/6/2024,Credit Card,Pending,1997
1422,4/10/2024,Credit Card,Success,600
1423,10/14/2024,PayPal,Success,1230
1424,2/5/2025,Debit Card,Pending,89
1425,7/31/2024,Cash on Delivery,Failed,1494
1426,6/29/2024,PayPal,Success,1051
1427,1/2/2025,Debit Card,Success,586
1428,10/3/2024,Credit Card,Failed,1565
1429,5/4/2024,Debit Card,Failed,1503
1430,9/24/2024,Credit Card,Success,1081
1431,11/9/2024,Debit Card,Failed,1421
1432,10/8/2024,Credit Card,Success,185
1433,9/21/2024,Debit Card,Success,698
1434,2/12/2024,Cash on Delivery,Success,835
1435,8/20/2024,PayPal,Pending,1353
1436,10/25/2024,PayPal,Success,1517
1437,6/14/2024,Debit Card,Pending,871
1438,12/17/2024,PayPal,Success,1524
1439,9/21/2024,PayPal,Failed,11
1440,3/12/2024,Cash on Delivery,Failed,133
1441,6/25/2024,Debit Card,Failed,1698
1442,1/22/2025,Cash on Delivery,Success,1534
1443,3/18/2024,Debit Card,Failed,141
1444,8/15/2024,Debit Card,Pending,1636
1445,3/28/2024,PayPal,Failed,70
1446,3/23/2024,Debit Card,Success,1423
1447,1/24/2025,Cash on Delivery,Failed,1137
1448,1/12/2025,Cash on Delivery,Failed,472
1449,9/26/2024,PayPal,Failed,1686
1450,4/28/2024,PayPal,Pending,1351
1451,7/26/2024,Cash on Delivery,Failed,656
1452,12/12/2024,Credit Card,Failed,741
1453,12/26/2024,Credit Card,Pending,346
1454,5/15/2024,Credit Card,Success,1546
1455,3/5/2024,Debit Card,Failed,743
1456,7/6/2024,Credit Card,Failed,423
1457,5/24/2024,Cash on Delivery,Pending,1714
1458,11/7/2024,Debit Card,Pending,1036
1459,9/4/2024,Cash on Delivery,Pending,1109
1460,11/6/2024,Credit Card,Pending,270
1461,7/6/2024,PayPal,Failed,87
1462,9/11/2024,PayPal,Failed,797
1463,3/12/2024,Debit Card,Pending,1634
1464,8/8/2024,Cash on Delivery,Failed,891
1465,2/18/2024,Credit Card,Failed,720
1466,5/29/2024,Credit Card,Failed,1979
1467,2/28/2024,Cash on Delivery,Failed,482
1468,2/14/2024,Debit Card,Pending,280
1469,5/26/2024,Cash on Delivery,Failed,647
1470,12/10/2024,PayPal,Failed,269
1471,7/22/2024,Cash on Delivery,Success,526
1472,3/6/2024,Cash on Delivery,Success,1667
1473,12/11/2024,Credit Card,Success,38
1474,12/28/2024,Credit Card,Pending,902
1475,3/29/2024,PayPal,Failed,1695
1476,9/9/2024,Cash on Delivery,Pending,1142
1477,9/5/2024,Debit Card,Pending,539
1478,6/8/2024,Cash on Delivery,Pending,241
1479,1/29/2025,PayPal,Pending,186
1480,11/14/2024,Cash on Delivery,Failed,225
1481,5/9/2024,Debit Card,Success,1005
1482,1/6/2025,Cash on Delivery,Success,267
1483,5/16/2024,Cash on Delivery,Pending,523
1484,9/15/2024,Credit Card,Pending,1566
1485,11/29/2024,PayPal,Success,326
1486,3/24/2024,Cash on Delivery,Pending,179
1487,4/7/2024,Credit Card,Success,204
1488,3/20/2024,Credit Card,Pending,1069
1489,7/11/2024,Cash on Delivery,Failed,899
1490,2/4/2025,Credit Card,Failed,1048
1491,12/6/2024,Credit Card,Failed,1135
1492,7/3/2024,Cash on Delivery,Failed,182
1493,12/8/2024,Credit Card,Failed,1494
1494,1/9/2025,PayPal,Pending,754
1495,4/14/2024,Debit Card,Failed,1647
1496,8/5/2024,PayPal,Pending,1020
1497,5/20/2024,Debit Card,Success,672
1498,1/23/2025,Credit Card,Success,1155
1499,1/23/2025,Debit Card,Failed,32
1500,2/20/2024,Cash on Delivery,Success,1987
1501,2/14/2024,Debit Card,Pending,819
1502,5/12/2024,Credit Card,Pending,1263
1503,8/8/2024,PayPal,Success,1770
1504,4/29/2024,Credit Card,Success,696
1505,11/25/2024,Cash on Delivery,Pending,1977
1506,12/5/2024,Cash on Delivery,Success,1272
1507,11/24/2024,Credit Card,Pending,14
1508,7/17/2024,PayPal,Failed,192
1509,9/28/2024,Cash on Delivery,Success,1340
1510,8/21/2024,Cash on Delivery,Success,147
1511,4/7/2024,Cash on Delivery,Success,1776
1512,8/20/2024,PayPal,Success,1748
1513,8/11/2024,Debit Card,Success,1797
1514,3/28/2024,Cash on Delivery,Success,559
1515,5/2/2024,Credit Card,Failed,1842
1516,7/4/2024,PayPal,Pending,749
1517,2/2/2025,Credit Card,Failed,249
1518,1/5/2025,Cash on Delivery,Failed,120
1519,12/22/2024,Cash on Delivery,Pending,1545
1520,1/24/2025,Cash on Delivery,Failed,508
1521,7/5/2024,PayPal,Failed,1783
1522,12/5/2024,Debit Card,Success,601
1523,3/6/2024,Credit Card,Pending,1542
1524,5/30/2024,PayPal,Pending,1866
1525,5/27/2024,PayPal,Pending,1202
1526,9/1/2024,PayPal,Pending,834
1527,5/27/2024,PayPal,Pending,950
1528,2/29/2024,Credit Card,Failed,1484
1529,11/15/2024,Cash on Delivery,Failed,1764
1530,4/18/2024,Credit Card,Pending,1145
1531,1/31/2025,Cash on Delivery,Failed,1915
1532,10/26/2024,PayPal,Pending,1295
1533,8/26/2024,Cash on Delivery,Success,313
1534,3/16/2024,Cash on Delivery,Success,6
1535,10/20/2024,Credit Card,Success,1563
1536,2/8/2025,Cash on Delivery,Success,867
1537,6/20/2024,Credit Card,Success,1332
1538,8/20/2024,Credit Card,Failed,303
1539,10/17/2024,PayPal,Pending,1881
1540,9/4/2024,Debit Card,Failed,628
1541,3/30/2024,Credit Card,Failed,1146
1542,9/20/2024,Debit Card,Pending,438
1543,12/18/2024,Debit Card,Success,1479
1544,2/13/2024,PayPal,Pending,1005
1545,8/22/2024,PayPal,Success,1081
1546,8/10/2024,Credit Card,Failed,410
1547,5/19/2024,PayPal,Success,1234
1548,12/15/2024,Cash on Delivery,Pending,215
1549,8/14/2024,Cash on Delivery,Success,1250
1550,4/30/2024,Cash on Delivery,Success,1647
1551,1/17/2025,Debit Card,Success,1472
1552,4/6/2024,Cash on Delivery,Pending,535
1553,9/3/2024,Debit Card,Failed,953
1554,11/16/2024,Cash on Delivery,Pending,654
1555,9/6/2024,Cash on Delivery,Success,1322
1556,5/14/2024,Credit Card,Pending,1176
1557,4/9/2024,Credit Card,Pending,490
1558,1/12/2025,Cash on Delivery,Failed,1666
1559,6/15/2024,Cash on Delivery,Failed,1761
1560,12/15/2024,Cash on Delivery,Pending,417
1561,3/19/2024,Debit Card,Failed,472
1562,10/10/2024,Credit Card,Failed,1616
1563,12/17/2024,Credit Card,Pending,1090
1564,12/20/2024,Debit Card,Success,1227
1565,1/30/2025,Cash on Delivery,Pending,1504
1566,5/9/2024,Debit Card,Failed,1258
1567,2/18/2024,Debit Card,Pending,1794
1568,6/7/2024,Credit Card,Success,318
1569,5/27/2024,PayPal,Failed,453
1570,3/23/2024,Credit Card,Success,276
1571,8/19/2024,Credit Card,Success,289
1572,3/13/2024,Cash on Delivery,Pending,360
1573,3/14/2024,Debit Card,Failed,933
1574,5/11/2024,Cash on Delivery,Pending,1129
1575,4/24/2024,Credit Card,Pending,1554
1576,1/27/2025,Debit Card,Failed,56
1577,2/23/2024,Debit Card,Success,205
1578,11/13/2024,Cash on Delivery,Failed,614
1579,6/23/2024,PayPal,Success,1509
1580,1/10/2025,Debit Card,Success,276
1581,10/11/2024,Credit Card,Success,52
1582,2/2/2025,PayPal,Failed,613
1583,12/13/2024,Cash on Delivery,Pending,1848
1584,5/23/2024,Debit Card,Success,449
1585,12/28/2024,Credit Card,Failed,661
1586,1/4/2025,Credit Card,Success,1425
1587,6/14/2024,Cash on Delivery,Failed,1693
1588,9/28/2024,Cash on Delivery,Pending,1918
1589,8/11/2024,Debit Card,Failed,765
1590,1/19/2025,PayPal,Success,874
1591,5/29/2024,Debit Card,Pending,836
1592,10/26/2024,Cash on Delivery,Pending,1317
1593,9/13/2024,Cash on Delivery,Success,1588
1594,11/19/2024,PayPal,Failed,479
1595,7/31/2024,PayPal,Pending,1344
1596,10/25/2024,Debit Card,Failed,1613
1597,6/28/2024,Credit Card,Failed,582
1598,5/20/2024,PayPal,Failed,726
1599,6/1/2024,PayPal,Pending,565
1600,7/9/2024,PayPal,Failed,298
1601,2/26/2024,Credit Card,Failed,1423
1602,5/14/2024,Debit Card,Failed,646
1603,10/2/2024,Credit Card,Success,1582
1604,3/5/2024,Credit Card,Success,191
1605,5/2/2024,Cash on Delivery,Failed,785
1606,7/19/2024,Debit Card,Success,1609
1607,1/18/2025,Credit Card,Failed,201
1608,11/6/2024,Debit Card,Success,1986
1609,1/26/2025,Cash on Delivery,Pending,1066
1610,5/5/2024,Debit Card,Pending,459
1611,12/22/2024,Credit Card,Pending,131
1612,3/7/2024,PayPal,Pending,1025
1613,12/20/2024,Cash on Delivery,Pending,1425
1614,12/13/2024,Credit Card,Pending,544
1615,6/7/2024,PayPal,Failed,1163
1616,6/24/2024,Cash on Delivery,Success,1408
1617,1/3/2025,Debit Card,Pending,1726
1618,11/7/2024,Credit Card,Pending,1842
1619,7/15/2024,Credit Card,Failed,280
1620,10/1/2024,Credit Card,Pending,92
1621,6/27/2024,Debit Card,Pending,31
1622,7/16/2024,PayPal,Failed,283
1623,4/26/2024,Cash on Delivery,Success,507
1624,10/4/2024,Cash on Delivery,Success,888
1625,1/15/2025,Cash on Delivery,Pending,1156
1626,11/6/2024,Debit Card,Success,461
1627,5/19/2024,Credit Card,Failed,1340
1628,6/11/2024,Debit Card,Success,567
1629,3/12/2024,Cash on Delivery,Failed,89
1630,5/19/2024,Cash on Delivery,Success,920
1631,4/13/2024,Cash on Delivery,Success,1521
1632,10/7/2024,PayPal,Failed,1147
1633,7/28/2024,Credit Card,Failed,1810
1634,10/21/2024,Credit Card,Success,791
1635,10/31/2024,Cash on Delivery,Success,341
1636,10/11/2024,Debit Card,Pending,1013
1637,9/1/2024,Credit Card,Pending,1591
1638,8/25/2024,Cash on Delivery,Failed,1873
1639,6/7/2024,PayPal,Success,1216
1640,12/21/2024,Cash on Delivery,Pending,1732
1641,12/12/2024,PayPal,Pending,1599
1642,3/29/2024,Debit Card,Pending,1251
1643,4/14/2024,Credit Card,Pending,536
1644,6/16/2024,Credit Card,Success,402
1645,7/22/2024,Cash on Delivery,Failed,395
1646,5/14/2024,PayPal,Failed,862
1647,7/14/2024,PayPal,Pending,817
1648,5/8/2024,PayPal,Success,942
1649,5/18/2024,Credit Card,Failed,1901
1650,3/6/2024,Credit Card,Pending,586
1651,7/31/2024,Debit Card,Failed,581
1652,3/7/2024,PayPal,Pending,162
1653,10/13/2024,Credit Card,Pending,837
1654,12/24/2024,Credit Card,Success,1293
1655,10/14/2024,Cash on Delivery,Failed,712
1656,9/12/2024,Credit Card,Success,330
1657,5/17/2024,PayPal,Success,1740
1658,11/25/2024,Debit Card,Pending,73
1659,11/23/2024,PayPal,Failed,748
1660,9/16/2024,PayPal,Success,1040
1661,3/25/2024,Debit Card,Success,859
1662,2/5/2025,Cash on Delivery,Failed,1142
1663,8/23/2024,Credit Card,Failed,268
1664,12/12/2024,Cash on Delivery,Failed,1829
1665,1/9/2025,Credit Card,Failed,1159
1666,10/2/2024,Cash on Delivery,Pending,903
1667,12/22/2024,Cash on Delivery,Success,1647
1668,6/18/2024,Cash on Delivery,Success,594
1669,12/8/2024,Cash on Delivery,Failed,499
1670,6/9/2024,PayPal,Failed,95
1671,8/17/2024,Credit Card,Pending,1671
1672,11/14/2024,PayPal,Success,951
1673,2/13/2024,Credit Card,Pending,338
1674,5/16/2024,PayPal,Failed,329
1675,9/2/2024,PayPal,Failed,1710
1676,9/7/2024,Cash on Delivery,Pending,1878
1677,1/17/2025,PayPal,Failed,48
1678,5/22/2024,Credit Card,Success,967
1679,11/16/2024,PayPal,Success,900
1680,2/10/2025,PayPal,Pending,1318
1681,5/2/2024,Cash on Delivery,Pending,862
1682,8/28/2024,Cash on Delivery,Pending,970
1683,9/20/2024,Debit Card,Pending,1762
1684,2/10/2025,Debit Card,Success,143
1685,9/23/2024,PayPal,Success,44
1686,8/3/2024,PayPal,Pending,939
1687,12/31/2024,Cash on Delivery,Failed,574
1688,1/22/2025,Debit Card,Pending,882
1689,5/30/2024,Debit Card,Failed,1714
1690,7/11/2024,Credit Card,Pending,1849
1691,6/8/2024,Debit Card,Pending,1462
1692,12/19/2024,PayPal,Success,962
1693,9/19/2024,PayPal,Pending,707
1694,5/28/2024,Credit Card,Success,1800
1695,7/29/2024,Credit Card,Success,140
1696,4/30/2024,Cash on Delivery,Failed,1050
1697,2/20/2024,Credit Card,Success,1840
1698,3/10/2024,PayPal,Failed,1449
1699,8/28/2024,Debit Card,Pending,917
1700,12/10/2024,Credit Card,Success,1870
1701,3/2/2024,Debit Card,Success,526
1702,6/10/2024,Debit Card,Pending,939
1703,9/4/2024,Credit Card,Failed,645
1704,4/5/2024,Cash on Delivery,Success,596
1705,11/6/2024,Debit Card,Pending,609
1706,12/29/2024,Cash on Delivery,Failed,1020
1707,2/7/2025,Credit Card,Failed,57
1708,9/2/2024,Debit Card,Failed,200
1709,6/5/2024,Credit Card,Success,1437
1710,9/11/2024,Debit Card,Failed,84
1711,1/23/2025,Credit Card,Pending,1087
1712,12/23/2024,Cash on Delivery,Failed,158
1713,8/15/2024,Cash on Delivery,Success,549
1714,2/23/2024,PayPal,Success,298
1715,10/10/2024,Credit Card,Success,1331
1716,9/10/2024,PayPal,Failed,1154
1717,1/16/2025,Debit Card,Success,46
1718,10/17/2024,Credit Card,Pending,1552
1719,3/2/2024,Credit Card,Failed,1093
1720,1/6/2025,Cash on Delivery,Success,1429
1721,11/20/2024,Credit Card,Failed,1245
1722,9/13/2024,Cash on Delivery,Success,665
1723,3/20/2024,Debit Card,Success,1302
1724,2/13/2024,Cash on Delivery,Failed,1549
1725,12/5/2024,Debit Card,Failed,1269
1726,1/20/2025,Debit Card,Failed,988
1727,4/30/2024,PayPal,Pending,1729
1728,4/3/2024,Debit Card,Failed,1433
1729,7/17/2024,Debit Card,Success,84
1730,10/1/2024,Debit Card,Failed,841
1731,4/6/2024,Debit Card,Failed,1142
1732,3/24/2024,Credit Card,Failed,578
1733,11/29/2024,Cash on Delivery,Pending,1980
1734,12/27/2024,Cash on Delivery,Failed,1537
1735,12/28/2024,Debit Card,Failed,1203
1736,2/26/2024,Debit Card,Failed,1594
1737,7/17/2024,Credit Card,Failed,1451
1738,12/22/2024,PayPal,Failed,242
1739,9/27/2024,Credit Card,Failed,206
1740,4/2/2024,Credit Card,Pending,1700
1741,12/25/2024,Credit Card,Pending,1916
1742,9/8/2024,Cash on Delivery,Success,1536
1743,4/10/2024,PayPal,Failed,1784
1744,9/14/2024,Credit Card,Success,1638
1745,8/1/2024,Cash on Delivery,Success,904
1746,2/21/2024,Credit Card,Pending,1299
1747,11/28/2024,PayPal,Success,280
1748,8/26/2024,Debit Card,Success,1468
1749,2/25/2024,PayPal,Success,1423
1750,8/9/2024,PayPal,Failed,1091
1751,12/9/2024,Credit Card,Success,1473
1752,11/30/2024,PayPal,Pending,1389
1753,9/28/2024,PayPal,Success,928
1754,7/2/2024,Debit Card,Pending,429
1755,10/31/2024,Credit Card,Failed,1884
1756,2/15/2024,Credit Card,Success,1542
1757,4/28/2024,Cash on Delivery,Failed,178
1758,4/7/2024,Credit Card,Pending,50
1759,8/17/2024,PayPal,Pending,1346
1760,1/25/2025,Debit Card,Failed,1165
1761,11/15/2024,PayPal,Success,995
1762,3/24/2024,Cash on Delivery,Failed,1263
1763,6/12/2024,Cash on Delivery,Success,738
1764,7/29/2024,Cash on Delivery,Failed,1940
1765,2/24/2024,Cash on Delivery,Failed,798
1766,5/8/2024,Credit Card,Failed,732
1767,10/5/2024,Cash on Delivery,Pending,257
1768,2/6/2025,Credit Card,Success,946
1769,6/23/2024,Credit Card,Pending,1992
1770,10/1/2024,Cash on Delivery,Success,410
1771,11/8/2024,Credit Card,Success,1371
1772,6/15/2024,Cash on Delivery,Pending,1101
1773,3/26/2024,PayPal,Success,630
1774,4/15/2024,Cash on Delivery,Success,1794
1775,8/15/2024,PayPal,Pending,2
1776,2/20/2024,Debit Card,Failed,622
1777,10/30/2024,Credit Card,Failed,1933
1778,10/1/2024,PayPal,Failed,1823
1779,12/20/2024,Debit Card,Success,1151
1780,8/13/2024,Debit Card,Success,1117
1781,4/2/2024,Credit Card,Failed,1424
1782,9/9/2024,Credit Card,Success,1319
1783,12/17/2024,Credit Card,Success,1995
1784,6/26/2024,Cash on Delivery,Success,1203
1785,12/4/2024,Credit Card,Success,1740
1786,6/21/2024,Debit Card,Pending,21
1787,12/31/2024,PayPal,Success,1647
1788,7/21/2024,PayPal,Failed,704
1789,7/5/2024,PayPal,Pending,29
1790,3/29/2024,Credit Card,Failed,1357
1791,1/19/2025,Debit Card,Success,365
1792,4/4/2024,Cash on Delivery,Success,654
1793,9/20/2024,Debit Card,Failed,229
1794,10/18/2024,Cash on Delivery,Success,365
1795,6/12/2024,PayPal,Failed,780
1796,2/25/2024,PayPal,Pending,799
1797,4/30/2024,Cash on Delivery,Success,1100
1798,11/4/2024,PayPal,Failed,886
1799,11/28/2024,Cash on Delivery,Success,1965
1800,6/15/2024,Cash on Delivery,Pending,486
1801,9/13/2024,Debit Card,Success,536
1802,2/16/2024,PayPal,Success,193
1803,7/8/2024,Cash on Delivery,Pending,1148
1804,8/12/2024,Credit Card,Success,913
1805,2/4/2025,PayPal,Failed,1725
1806,5/31/2024,Credit Card,Pending,352
1807,8/12/2024,Debit Card,Pending,1821
1808,3/10/2024,PayPal,Failed,1355
1809,3/14/2024,Debit Card,Success,1966
1810,9/25/2024,PayPal,Success,659
1811,12/6/2024,Debit Card,Failed,1811
1812,4/15/2024,PayPal,Success,804
1813,8/3/2024,Debit Card,Failed,1106
1814,2/11/2025,Cash on Delivery,Failed,1231
1815,2/21/2024,Cash on Delivery,Success,1662
1816,8/13/2024,PayPal,Success,649
1817,8/20/2024,Debit Card,Pending,1390
1818,2/16/2024,Credit Card,Failed,118
1819,10/7/2024,Cash on Delivery,Failed,1437
1820,4/10/2024,PayPal,Pending,891
1821,3/29/2024,Debit Card,Failed,1488
1822,4/28/2024,Debit Card,Failed,1568
1823,8/17/2024,Credit Card,Success,1200
1824,1/17/2025,PayPal,Pending,513
1825,2/9/2025,Debit Card,Success,170
1826,12/5/2024,Debit Card,Failed,782
1827,8/8/2024,Credit Card,Success,1234
1828,1/23/2025,Cash on Delivery,Success,1010
1829,7/25/2024,Credit Card,Success,1743
1830,4/3/2024,Credit Card,Pending,1381
1831,12/8/2024,Credit Card,Success,1721
1832,12/1/2024,Cash on Delivery,Pending,214
1833,5/12/2024,Cash on Delivery,Pending,1234
1834,9/22/2024,Cash on Delivery,Failed,1632
1835,3/14/2024,PayPal,Failed,1394
1836,3/4/2024,PayPal,Pending,1902
1837,10/21/2024,Cash on Delivery,Success,618
1838,6/24/2024,PayPal,Failed,989
1839,6/3/2024,Cash on Delivery,Pending,828
1840,6/15/2024,Cash on Delivery,Success,382
1841,10/21/2024,Cash on Delivery,Failed,495
1842,12/17/2024,Credit Card,Pending,1668
1843,5/10/2024,Cash on Delivery,Success,235
1844,5/26/2024,Debit Card,Success,494
1845,2/1/2025,PayPal,Success,698
1846,5/11/2024,PayPal,Success,449
1847,6/17/2024,Credit Card,Pending,178
1848,9/19/2024,Cash on Delivery,Pending,1697
1849,4/12/2024,Credit Card,Failed,85
1850,10/29/2024,Debit Card,Pending,28
1851,7/31/2024,Cash on Delivery,Failed,237
1852,10/3/2024,Cash on Delivery,Failed,1328
1853,8/31/2024,Debit Card,Pending,225
1854,8/28/2024,Debit Card,Pending,86
1855,2/13/2024,PayPal,Failed,123
1856,6/10/2024,Cash on Delivery,Failed,1926
1857,5/27/2024,PayPal,Failed,181
1858,1/18/2025,Debit Card,Failed,208
1859,8/26/2024,PayPal,Pending,1007
1860,11/12/2024,Debit Card,Failed,537
1861,10/5/2024,Credit Card,Failed,857
1862,8/21/2024,PayPal,Pending,1147
1863,8/29/2024,Credit Card,Pending,893
1864,1/2/2025,Credit Card,Success,1153
1865,3/29/2024,Debit Card,Failed,1517
1866,1/7/2025,Credit Card,Pending,406
1867,12/16/2024,Cash on Delivery,Success,66
1868,6/26/2024,Cash on Delivery,Failed,1658
1869,9/19/2024,Cash on Delivery,Pending,1671
1870,5/21/2024,Debit Card,Failed,772
1871,10/25/2024,Debit Card,Failed,1727
1872,2/13/2024,Cash on Delivery,Success,462
1873,1/26/2025,Debit Card,Pending,1541
1874,3/9/2024,Debit Card,Pending,165
1875,4/7/2024,Credit Card,Success,925
1876,1/3/2025,PayPal,Pending,259
1877,8/24/2024,Credit Card,Success,603
1878,11/9/2024,PayPal,Failed,1746
1879,11/19/2024,Debit Card,Success,673
1880,7/31/2024,Cash on Delivery,Pending,1571
1881,11/20/2024,PayPal,Pending,759
1882,9/29/2024,Debit Card,Failed,1963
1883,1/10/2025,Debit Card,Success,320
1884,8/1/2024,PayPal,Failed,447
1885,1/13/2025,Cash on Delivery,Failed,1662
1886,10/30/2024,PayPal,Failed,1572
1887,9/29/2024,Cash on Delivery,Failed,817
1888,2/16/2024,Cash on Delivery,Failed,1326
1889,9/25/2024,Cash on Delivery,Pending,502
1890,3/25/2024,PayPal,Pending,96
1891,6/10/2024,Credit Card,Failed,228
1892,10/15/2024,PayPal,Failed,52
1893,6/29/2024,Cash on Delivery,Failed,366
1894,4/22/2024,Credit Card,Pending,1739
1895,6/17/2024,PayPal,Failed,693
1896,2/1/2025,Debit Card,Success,617
1897,10/7/2024,Cash on Delivery,Success,1690
1898,2/23/2024,Debit Card,Pending,485
1899,8/13/2024,Credit Card,Failed,758
1900,7/24/2024,PayPal,Pending,1061
1901,6/30/2024,Credit Card,Failed,44
1902,8/26/2024,Cash on Delivery,Success,1994
1903,1/17/2025,Credit Card,Success,485
1904,4/5/2024,Cash on Delivery,Failed,1024
1905,6/27/2024,PayPal,Failed,1898
1906,5/19/2024,Credit Card,Pending,1527
1907,10/29/2024,Debit Card,Success,1309
1908,7/10/2024,Credit Card,Success,283
1909,3/20/2024,Cash on Delivery,Pending,1337
1910,6/30/2024,Cash on Delivery,Success,1544
1911,4/4/2024,Cash on Delivery,Pending,1504
1912,7/16/2024,Cash on Delivery,Pending,1324
1913,9/11/2024,PayPal,Success,974
1914,9/30/2024,Credit Card,Pending,1700
1915,6/15/2024,Cash on Delivery,Failed,380
1916,3/13/2024,PayPal,Failed,540
1917,9/27/2024,PayPal,Failed,1836
1918,9/18/2024,Credit Card,Failed,1456
1919,2/29/2024,Credit Card,Success,1013
1920,9/1/2024,PayPal,Failed,379
1921,9/13/2024,Debit Card,Failed,833
1922,9/15/2024,Cash on Delivery,Success,1130
1923,12/2/2024,Credit Card,Failed,1028
1924,4/14/2024,PayPal,Failed,1904
1925,2/7/2025,Debit Card,Failed,658
1926,11/23/2024,PayPal,Pending,1887
1927,9/9/2024,Debit Card,Failed,79
1928,6/21/2024,Credit Card,Failed,767
1929,8/25/2024,Credit Card,Failed,981
1930,5/31/2024,Debit Card,Pending,59
1931,1/3/2025,Cash on Delivery,Pending,668
1932,9/28/2024,PayPal,Success,1105
1933,3/4/2024,PayPal,Pending,1885
1934,8/6/2024,Debit Card,Pending,818
1935,5/18/2024,Cash on Delivery,Failed,1183
1936,5/25/2024,Credit Card,Failed,575
1937,4/29/2024,Credit Card,Failed,1825
1938,5/22/2024,PayPal,Success,1361
1939,10/26/2024,Credit Card,Pending,896
1940,10/14/2024,Credit Card,Success,1266
1941,12/15/2024,PayPal,Pending,300
1942,9/28/2024,Debit Card,Pending,1449
1943,11/27/2024,Credit Card,Pending,318
1944,6/14/2024,Debit Card,Success,809
1945,9/3/2024,Cash on Delivery,Failed,99
1946,11/17/2024,Debit Card,Pending,1905
1947,6/30/2024,Credit Card,Pending,1247
1948,3/22/2024,Cash on Delivery,Success,851
1949,9/15/2024,Cash on Delivery,Failed,771
1950,5/27/2024,PayPal,Failed,1094
1951,12/2/2024,PayPal,Pending,1058
1952,4/26/2024,Cash on Delivery,Failed,1208
1953,3/4/2024,Cash on Delivery,Failed,459
1954,11/22/2024,Debit Card,Failed,522
1955,5/15/2024,Debit Card,Failed,390
1956,6/2/2024,Debit Card,Success,1359
1957,4/17/2024,PayPal,Success,1765
1958,5/20/2024,Credit Card,Pending,791
1959,8/14/2024,Credit Card,Success,1488
1960,9/17/2024,Cash on Delivery,Failed,1465
1961,4/4/2024,PayPal,Success,1630
1962,9/21/2024,PayPal,Success,226
1963,11/5/2024,Credit Card,Failed,1835
1964,3/12/2024,Cash on Delivery,Success,1268
1965,9/5/2024,Credit Card,Failed,1975
1966,1/12/2025,PayPal,Success,1607
1967,8/29/2024,Debit Card,Failed,217
1968,3/19/2024,Debit Card,Success,1537
1969,7/9/2024,Debit Card,Pending,488
1970,10/17/2024,PayPal,Failed,975
1971,7/29/2024,Cash on Delivery,Failed,1936
1972,8/8/2024,Cash on Delivery,Pending,1993
1973,12/23/2024,Cash on Delivery,Pending,51
1974,11/24/2024,Debit Card,Pending,39
1975,10/26/2024,Cash on Delivery,Pending,1320
1976,7/10/2024,Credit Card,Failed,1057
1977,5/4/2024,Cash on Delivery,Failed,251
1978,5/8/2024,Credit Card,Pending,1033
1979,1/22/2025,Debit Card,Success,1160
1980,3/31/2024,Credit Card,Pending,77
1981,3/24/2024,Credit Card,Failed,34
1982,3/28/2024,Credit Card,Failed,86
1983,4/10/2024,Credit Card,Failed,192
1984,6/24/2024,PayPal,Failed,1818
1985,1/25/2025,Credit Card,Success,1364
1986,4/2/2024,Credit Card,Success,729
1987,1/2/2025,Debit Card,Success,1765
1988,9/15/2024,Credit Card,Failed,83
1989,11/13/2024,Credit Card,Success,645
1990,8/6/2024,Credit Card,Pending,267
1991,1/4/2025,Cash on Delivery,Failed,940
1992,11/16/2024,Cash on Delivery,Success,318
1993,2/25/2024,Cash on Delivery,Success,478
1994,10/13/2024,Credit Card,Failed,1158
1995,1/8/2025,Debit Card,Pending,310
1996,7/22/2024,Cash on Delivery,Failed,136
1997,6/22/2024,Debit Card,Failed,1573
1998,7/26/2024,PayPal,Success,1970
1999,9/21/2024,PayPal,Pending,477
2000,8/30/2024,Credit Card,Success,720
