seller_id,seller_name
1,"Patel, Rogers and Wells"
2,Wright LLC
3,Jacobs PLC
4,Tate LLC
5,Jackson Group
6,Anderson LLC
7,Perez Ltd
8,"Montgomery, Payne and Blankenship"
9,Ware-Jacobson
10,Anderson Inc
11,"Nunez, Mcpherson and Smith"
12,Jordan-Hall
13,Weaver Inc
14,Hood-Daniels
15,Taylor-Ross
16,"Decker, Perez and Rodriguez"
17,Holland PLC
18,Lee Inc
19,Williams-Henderson
20,White Group
21,Baker Inc
22,Lewis LLC
23,"Reeves, Trujillo and Smith"
24,"Williams, Chavez and Martin"
25,Baldwin-Perez
26,Kennedy-Sharp
27,Pena-Gardner
28,Davis-Cole
29,Williamson-Curtis
30,Mays-Turner
31,Jenkins-Allen
32,Austin-Willis
33,Jones-Clark
34,Daniels-Kline
35,Ross LLC
36,"Santos, Quinn and Jenkins"
37,"Thompson, Melendez and Williams"
38,Schultz-Lowe
39,Marshall LLC
40,Sanders PLC
41,Sherman Ltd
42,Johnson-Benton
43,Hess-Mcdonald
44,"Allen, Rodriguez and Perry"
45,Hansen Group
46,Vargas-Bass
47,Williamson-Gomez
48,"Adams, Simpson and Johnson"
49,Moreno-Nelson
50,Walters PLC
51,"Moore, Mullen and Page"
52,Kim-Watkins
53,"Crosby, Williams and Gibson"
54,"Henderson, Allen and Jones"
55,"Castillo, Forbes and Reed"
56,Morgan PLC
57,Williamson LLC
58,Garcia LLC
59,"Miller, Clarke and King"
60,"Torres, Davis and Richardson"
61,"Davis, Juarez and Turner"
62,Blackwell-Ferguson
63,Morgan PLC
64,Short-Goodwin
65,Morgan-Reynolds
66,"Munoz, Meyer and Daugherty"
67,Jackson-Hamilton
68,"Benjamin, Cohen and Peterson"
69,Fuller-Lewis
70,Jacobs-Lawrence
71,"Johnston, Williams and Garrison"
72,"Patterson, Ramirez and Cook"
73,Potter Group
74,"Pacheco, Pham and Smith"
75,Williams and Sons
76,"Harmon, Frederick and Mooney"
77,Sellers-Smith
78,Gregory and Sons
79,"Cortez, Garrett and Coleman"
80,"Vasquez, Blake and Smith"
81,Chapman-Tucker
82,Hudson-Thompson
83,Sanchez Inc
84,"Sims, Alvarez and Young"
85,Anderson-Ford
86,Cook-Hodges
87,"Smith, Krause and Fuller"
88,"Rogers, Smith and Lopez"
89,Kelley-Gonzales
90,"Mclean, Gonzales and Taylor"
91,Roberts-Greene
92,Murray Ltd
93,Jacobson and Sons
94,Campbell LLC
95,Snow-Molina
96,"Lozano, Daniels and Lopez"
97,Brewer Inc
98,"Sweeney, Rodriguez and Black"
99,"Larson, Rose and Rivera"
100,Williams Group
