shipping_id,order_id,delivery_status,shipping_date,return_date
1,1971,Delayed,3/18/2024,
2,812,Delivered,4/28/2024,12/17/2024
3,70,Delayed,7/28/2024,
4,1757,Delivered,6/30/2024,3/8/2024
5,1835,Delayed,6/9/2024,5/21/2024
6,376,Delayed,5/4/2024,3/24/2024
7,1115,Delivered,11/10/2024,11/4/2024
8,1836,Returned,8/9/2024,11/3/2024
9,1477,Delivered,4/29/2024,2/29/2024
10,98,Delivered,3/31/2024,3/15/2024
11,589,Delayed,3/16/2024,
12,279,Delivered,12/3/2024,11/10/2024
13,526,Returned,4/25/2024,12/28/2024
14,894,Delivered,9/23/2024,11/19/2024
15,542,In Transit,9/8/2024,5/19/2024
16,404,Delivered,4/22/2024,8/17/2024
17,876,Returned,12/3/2024,6/19/2024
18,1702,Delivered,12/11/2024,12/12/2024
19,1029,In Transit,10/20/2024,7/5/2024
20,653,Delayed,4/20/2024,10/22/2024
21,280,Delayed,7/20/2024,2/20/2024
22,725,In Transit,1/14/2025,12/18/2024
23,83,Delivered,1/28/2025,6/6/2024
24,41,In Transit,12/29/2024,
25,502,Delivered,2/18/2024,12/31/2024
26,472,In Transit,8/27/2024,4/21/2024
27,1450,Returned,2/7/2025,8/20/2024
28,1098,In Transit,9/10/2024,
29,532,Returned,7/5/2024,12/28/2024
30,1314,Delayed,8/22/2024,1/3/2025
31,732,Returned,6/1/2024,8/16/2024
32,970,Returned,7/26/2024,2/23/2024
33,503,Delayed,5/25/2024,10/4/2024
34,1441,Delayed,2/28/2024,3/4/2024
35,224,Delivered,7/8/2024,6/23/2024
36,1517,In Transit,5/22/2024,1/3/2025
37,1469,Returned,2/29/2024,10/19/2024
38,689,Delayed,10/27/2024,2/5/2025
39,1033,Returned,6/3/2024,4/30/2024
40,600,Delayed,6/14/2024,
41,1042,Delivered,2/17/2024,11/6/2024
42,1415,In Transit,9/6/2024,5/27/2024
43,904,In Transit,7/18/2024,11/22/2024
44,1042,Delivered,2/12/2024,2/21/2024
45,68,Returned,10/31/2024,10/16/2024
46,1673,Delivered,7/16/2024,
47,682,Delayed,3/8/2024,3/9/2024
48,946,In Transit,4/12/2024,8/13/2024
49,556,Delayed,1/28/2025,2/27/2024
50,126,Delivered,8/28/2024,12/24/2024
51,1851,Delivered,6/14/2024,6/10/2024
52,123,In Transit,5/13/2024,7/17/2024
53,1373,Delayed,7/16/2024,5/16/2024
54,180,Delivered,3/13/2024,3/14/2024
55,267,Returned,1/1/2025,12/3/2024
56,687,Returned,6/17/2024,1/22/2025
57,1765,Delivered,1/21/2025,1/21/2025
58,109,Delayed,3/9/2024,10/10/2024
59,505,Delivered,6/25/2024,5/19/2024
60,70,Delayed,6/19/2024,8/13/2024
61,1242,In Transit,6/27/2024,3/8/2024
62,1053,Returned,3/2/2024,6/22/2024
63,860,In Transit,3/5/2024,7/3/2024
64,781,Returned,7/14/2024,7/4/2024
65,1761,In Transit,6/5/2024,10/14/2024
66,1961,Returned,12/9/2024,7/10/2024
67,1797,Delayed,2/25/2024,9/1/2024
68,1402,Delayed,1/27/2025,6/11/2024
69,1345,Delivered,11/23/2024,5/8/2024
70,1635,In Transit,1/2/2025,3/4/2024
71,372,Delivered,7/17/2024,12/24/2024
72,135,In Transit,1/11/2025,4/13/2024
73,1279,In Transit,12/19/2024,12/20/2024
74,261,Delayed,11/1/2024,10/6/2024
75,1273,Returned,8/10/2024,3/4/2024
76,1141,In Transit,5/20/2024,8/31/2024
77,1900,Delayed,11/12/2024,
78,1454,Returned,1/7/2025,12/7/2024
79,1398,In Transit,1/30/2025,8/9/2024
80,323,Returned,9/9/2024,
81,1272,In Transit,3/27/2024,11/14/2024
82,703,In Transit,2/19/2024,4/12/2024
83,919,Returned,5/19/2024,11/13/2024
84,592,Returned,3/27/2024,1/4/2025
85,1539,Delivered,8/10/2024,3/25/2024
86,711,Returned,9/9/2024,8/5/2024
87,1585,Returned,11/1/2024,7/13/2024
88,648,In Transit,3/29/2024,4/12/2024
89,1205,Delivered,8/7/2024,6/1/2024
90,262,Delayed,8/1/2024,7/1/2024
91,388,In Transit,8/16/2024,3/28/2024
92,871,Returned,7/26/2024,5/29/2024
93,316,Delivered,9/15/2024,11/26/2024
94,1651,In Transit,9/14/2024,11/7/2024
95,156,Delivered,10/7/2024,3/20/2024
96,1149,Delayed,9/3/2024,3/11/2024
97,1170,In Transit,2/4/2025,10/10/2024
98,200,In Transit,4/18/2024,2/21/2024
99,605,Delayed,1/27/2025,9/21/2024
100,1940,Returned,10/20/2024,3/1/2024
101,349,Returned,12/22/2024,1/11/2025
102,330,Delayed,7/21/2024,11/10/2024
103,1207,In Transit,12/28/2024,
104,1287,Returned,8/25/2024,3/30/2024
105,1614,Returned,10/18/2024,5/5/2024
106,1511,Returned,3/26/2024,8/5/2024
107,1483,Delivered,11/4/2024,
108,32,Delayed,6/27/2024,3/5/2024
109,1920,Delivered,7/16/2024,2/17/2024
110,1827,Delivered,12/1/2024,2/7/2025
111,1037,Delivered,9/25/2024,3/14/2024
112,679,Delayed,9/4/2024,
113,470,In Transit,2/9/2025,3/22/2024
114,876,Delayed,7/9/2024,8/30/2024
115,1929,Returned,1/2/2025,9/4/2024
116,1012,Delayed,7/11/2024,4/3/2024
117,312,Delayed,7/29/2024,
118,1267,In Transit,1/6/2025,12/17/2024
119,744,Delivered,1/8/2025,5/16/2024
120,1867,Returned,7/11/2024,1/22/2025
121,1265,Returned,4/30/2024,3/2/2024
122,617,Delivered,5/4/2024,2/28/2024
123,1109,In Transit,9/19/2024,
124,60,Delivered,1/28/2025,1/27/2025
125,1797,Delivered,6/11/2024,2/7/2025
126,1291,In Transit,2/25/2024,10/27/2024
127,883,In Transit,9/8/2024,12/26/2024
128,1174,Delivered,11/19/2024,3/22/2024
129,100,Delivered,1/31/2025,12/12/2024
130,1931,Returned,10/27/2024,3/18/2024
131,1031,Delivered,8/11/2024,11/11/2024
132,651,In Transit,2/12/2024,9/20/2024
133,1866,Delivered,12/22/2024,
134,503,Delayed,10/30/2024,1/22/2025
135,1254,In Transit,10/25/2024,7/4/2024
136,1438,In Transit,2/7/2025,11/12/2024
137,267,Delivered,11/9/2024,5/8/2024
138,1039,Returned,9/13/2024,7/15/2024
139,720,Returned,1/24/2025,7/29/2024
140,1013,Delayed,9/25/2024,
141,1908,Delayed,1/11/2025,10/9/2024
142,1618,Returned,9/11/2024,5/11/2024
143,1573,Delayed,2/19/2024,7/9/2024
144,1872,Delayed,12/27/2024,7/20/2024
145,965,In Transit,7/26/2024,4/22/2024
146,1206,In Transit,8/12/2024,12/11/2024
147,1148,Delayed,2/13/2024,10/23/2024
148,34,Delivered,9/15/2024,10/23/2024
149,661,Delayed,7/15/2024,3/25/2024
150,701,Delivered,1/13/2025,2/13/2024
151,1583,In Transit,8/28/2024,
152,1941,Delivered,6/7/2024,9/14/2024
153,963,Delayed,10/22/2024,1/29/2025
154,168,Delayed,10/27/2024,7/11/2024
155,334,Delivered,7/10/2024,2/6/2025
156,1914,Returned,6/24/2024,12/10/2024
157,1038,Delayed,7/29/2024,3/15/2024
158,532,Returned,6/14/2024,2/25/2024
159,410,Delayed,2/24/2024,10/30/2024
160,633,Delayed,1/20/2025,
161,805,Returned,1/9/2025,11/15/2024
162,1317,Delivered,1/2/2025,4/23/2024
163,96,In Transit,11/1/2024,2/9/2025
164,1103,In Transit,4/5/2024,4/28/2024
165,1369,Delivered,3/24/2024,1/17/2025
166,19,Delayed,3/9/2024,10/13/2024
167,348,Delayed,8/22/2024,2/17/2024
168,763,In Transit,9/9/2024,7/14/2024
169,763,In Transit,3/2/2024,6/16/2024
170,991,Delayed,5/17/2024,3/30/2024
171,882,Delayed,2/9/2025,
172,7,Delivered,12/21/2024,12/14/2024
173,137,In Transit,11/29/2024,
174,846,Delivered,9/27/2024,12/7/2024
175,429,In Transit,9/19/2024,2/28/2024
176,14,Delivered,12/11/2024,9/22/2024
177,370,Delayed,8/13/2024,3/13/2024
178,1989,In Transit,11/10/2024,3/29/2024
179,72,Delivered,10/4/2024,5/16/2024
180,509,Delayed,7/24/2024,9/15/2024
181,162,Delivered,5/9/2024,6/27/2024
182,1537,Delayed,9/8/2024,11/3/2024
183,1314,In Transit,4/2/2024,4/7/2024
184,1409,Delivered,7/6/2024,10/12/2024
185,360,Delivered,11/17/2024,12/8/2024
186,1996,In Transit,11/2/2024,1/21/2025
187,1771,In Transit,2/5/2025,11/13/2024
188,291,In Transit,9/13/2024,6/26/2024
189,638,In Transit,8/12/2024,11/15/2024
190,1573,Delivered,3/8/2024,12/9/2024
191,392,In Transit,3/27/2024,10/25/2024
192,1280,In Transit,7/20/2024,2/23/2024
193,1423,In Transit,9/9/2024,11/3/2024
194,1114,Delivered,1/17/2025,3/14/2024
195,994,In Transit,11/28/2024,12/12/2024
196,497,Delivered,7/8/2024,11/26/2024
197,657,Delayed,12/11/2024,9/16/2024
198,626,Delayed,10/15/2024,5/23/2024
199,1188,Returned,10/30/2024,7/10/2024
200,1379,Delivered,4/22/2024,5/20/2024
201,1256,In Transit,10/29/2024,
202,395,Returned,8/3/2024,9/28/2024
203,758,Returned,2/19/2024,11/5/2024
204,1582,Delivered,10/12/2024,9/19/2024
205,1157,In Transit,9/7/2024,
206,846,In Transit,4/18/2024,9/3/2024
207,666,Delayed,7/22/2024,9/23/2024
208,230,In Transit,10/6/2024,4/16/2024
209,1561,In Transit,11/16/2024,
210,1899,In Transit,9/23/2024,
211,1890,Returned,5/21/2024,6/7/2024
212,427,Delayed,8/21/2024,6/17/2024
213,1242,Delivered,6/30/2024,4/27/2024
214,1764,Delayed,9/17/2024,10/30/2024
215,147,Returned,10/9/2024,6/12/2024
216,419,Returned,12/22/2024,1/17/2025
217,31,Returned,4/17/2024,2/12/2024
218,1140,Delayed,5/16/2024,7/24/2024
219,1706,Returned,10/18/2024,5/16/2024
220,1412,Returned,6/14/2024,8/5/2024
221,917,Delayed,2/5/2025,12/29/2024
222,1058,Delivered,5/16/2024,2/20/2024
223,875,Delivered,6/9/2024,2/25/2024
224,6,Delayed,9/17/2024,4/20/2024
225,1647,In Transit,8/9/2024,2/19/2024
226,1708,Delayed,1/24/2025,10/20/2024
227,1723,Returned,1/24/2025,7/16/2024
228,560,Delivered,11/13/2024,
229,928,In Transit,11/5/2024,5/16/2024
230,819,Returned,6/26/2024,12/23/2024
231,1319,In Transit,5/8/2024,4/3/2024
232,180,Delayed,12/2/2024,
233,627,Delayed,5/26/2024,3/14/2024
234,209,Returned,10/25/2024,1/17/2025
235,597,Delayed,10/11/2024,9/21/2024
236,183,In Transit,9/15/2024,1/4/2025
237,636,Delivered,8/25/2024,10/20/2024
238,835,In Transit,3/12/2024,11/14/2024
239,36,In Transit,3/2/2024,3/13/2024
240,171,Delayed,5/9/2024,7/17/2024
241,550,In Transit,4/6/2024,4/1/2024
242,251,Delivered,6/18/2024,3/13/2024
243,1914,Delayed,6/1/2024,11/9/2024
244,530,Returned,11/9/2024,6/17/2024
245,1104,In Transit,4/14/2024,9/24/2024
246,1643,Returned,3/11/2024,11/15/2024
247,55,Delivered,6/24/2024,
248,62,Returned,3/11/2024,8/8/2024
249,995,Returned,6/22/2024,11/13/2024
250,1930,Delayed,4/26/2024,2/10/2025
251,32,Delivered,9/11/2024,1/23/2025
252,447,Returned,1/13/2025,3/28/2024
253,1055,Returned,9/10/2024,6/21/2024
254,135,In Transit,1/21/2025,1/18/2025
255,1,In Transit,4/26/2024,5/25/2024
256,429,In Transit,6/26/2024,5/26/2024
257,230,Returned,7/13/2024,8/3/2024
258,416,Delayed,9/13/2024,9/26/2024
259,25,Returned,6/18/2024,12/7/2024
260,191,Returned,8/24/2024,6/22/2024
261,27,In Transit,5/23/2024,
262,1805,Delivered,12/8/2024,4/10/2024
263,1122,Returned,5/12/2024,5/18/2024
264,1400,In Transit,2/14/2024,11/15/2024
265,1201,Returned,2/5/2025,4/1/2024
266,1945,Delayed,6/15/2024,9/4/2024
267,1946,In Transit,6/22/2024,6/20/2024
268,824,Returned,3/28/2024,
269,1525,In Transit,11/30/2024,4/21/2024
270,494,Returned,11/17/2024,8/14/2024
271,149,Returned,12/29/2024,11/5/2024
272,1948,Returned,12/8/2024,4/16/2024
273,338,Returned,3/19/2024,7/18/2024
274,510,Delayed,2/19/2024,8/10/2024
275,193,Delayed,10/22/2024,10/15/2024
276,1079,Delivered,1/4/2025,1/24/2025
277,869,Returned,5/13/2024,5/26/2024
278,462,Returned,5/13/2024,4/28/2024
279,133,In Transit,5/9/2024,12/9/2024
280,667,Delivered,9/18/2024,2/25/2024
281,1062,Delivered,2/18/2024,3/28/2024
282,82,Delayed,4/14/2024,7/17/2024
283,154,Delayed,8/9/2024,1/14/2025
284,1521,Returned,10/25/2024,
285,935,Delayed,9/19/2024,9/2/2024
286,1117,Returned,10/22/2024,7/11/2024
287,563,Delayed,12/31/2024,8/3/2024
288,1594,Delayed,1/11/2025,
289,1311,Delayed,6/29/2024,2/15/2024
290,1528,Delivered,5/2/2024,12/13/2024
291,110,In Transit,1/9/2025,10/20/2024
292,1598,Returned,9/11/2024,2/28/2024
293,1687,In Transit,1/12/2025,9/26/2024
294,1862,Delivered,4/17/2024,4/8/2024
295,1885,Delivered,3/7/2024,
296,961,In Transit,1/4/2025,12/5/2024
297,738,Delivered,8/16/2024,6/16/2024
298,1853,Delayed,11/28/2024,6/25/2024
299,390,Returned,11/4/2024,11/4/2024
300,1516,Returned,10/7/2024,7/5/2024
301,1043,In Transit,7/15/2024,6/3/2024
302,477,In Transit,11/20/2024,12/9/2024
303,1693,Delayed,8/2/2024,11/7/2024
304,1582,Returned,5/6/2024,2/7/2025
305,1327,Delayed,8/26/2024,8/3/2024
306,1273,Delayed,12/15/2024,5/31/2024
307,150,In Transit,8/24/2024,11/4/2024
308,576,In Transit,6/16/2024,5/12/2024
309,972,Delivered,9/6/2024,12/27/2024
310,516,Returned,7/1/2024,4/26/2024
311,1162,Delivered,7/18/2024,12/21/2024
312,1149,Returned,7/8/2024,10/18/2024
313,1897,Returned,8/13/2024,3/7/2024
314,1642,Delayed,9/30/2024,1/22/2025
315,1463,Delayed,7/2/2024,8/21/2024
316,1142,Delivered,12/29/2024,8/19/2024
317,142,Delayed,9/25/2024,2/2/2025
318,687,Delayed,9/30/2024,3/18/2024
319,1257,Returned,8/19/2024,12/26/2024
320,190,In Transit,6/1/2024,8/7/2024
321,182,Returned,3/9/2024,10/9/2024
322,230,In Transit,11/7/2024,8/1/2024
323,624,Delivered,1/27/2025,
324,575,Returned,8/28/2024,12/13/2024
325,830,In Transit,3/11/2024,11/20/2024
326,1928,In Transit,7/29/2024,1/20/2025
327,1883,In Transit,3/17/2024,11/16/2024
328,1649,In Transit,6/24/2024,9/20/2024
329,1859,Delivered,7/5/2024,11/14/2024
330,948,In Transit,4/20/2024,9/23/2024
331,183,In Transit,8/7/2024,
332,270,Returned,9/11/2024,
333,586,In Transit,10/24/2024,9/9/2024
334,786,In Transit,4/15/2024,
335,1128,Delivered,2/24/2024,11/13/2024
336,580,In Transit,7/14/2024,9/21/2024
337,1482,Delivered,8/13/2024,
338,805,In Transit,4/21/2024,5/12/2024
339,484,Delivered,8/24/2024,12/15/2024
340,1320,Returned,12/31/2024,10/15/2024
341,783,In Transit,9/8/2024,8/22/2024
342,830,Delayed,6/30/2024,5/27/2024
343,716,Delivered,7/25/2024,8/28/2024
344,236,Delivered,1/5/2025,7/5/2024
345,287,Delivered,10/23/2024,11/3/2024
346,854,Returned,10/7/2024,9/30/2024
347,335,Returned,9/16/2024,
348,1991,Delivered,1/28/2025,12/4/2024
349,1690,In Transit,12/18/2024,4/11/2024
350,1157,Delivered,5/28/2024,3/25/2024
351,355,In Transit,4/27/2024,4/26/2024
352,1421,Delayed,10/25/2024,12/8/2024
353,1837,Delivered,10/8/2024,3/16/2024
354,158,Delayed,2/3/2025,5/27/2024
355,289,In Transit,9/25/2024,12/29/2024
356,1514,Delayed,12/12/2024,4/20/2024
357,161,In Transit,4/11/2024,1/12/2025
358,1544,Returned,9/16/2024,10/20/2024
359,1233,In Transit,2/11/2025,10/18/2024
360,98,Returned,12/21/2024,4/7/2024
361,1036,Returned,12/30/2024,6/22/2024
362,805,Delivered,8/20/2024,
363,617,In Transit,9/22/2024,5/24/2024
364,87,Delayed,9/20/2024,
365,1931,In Transit,6/8/2024,6/23/2024
366,1422,Delivered,8/15/2024,6/6/2024
367,435,Returned,6/20/2024,1/22/2025
368,1893,In Transit,3/3/2024,7/3/2024
369,169,In Transit,8/12/2024,1/26/2025
370,981,Delivered,8/10/2024,2/18/2024
371,942,Delayed,5/9/2024,7/25/2024
372,147,Returned,5/27/2024,7/10/2024
373,1713,In Transit,5/12/2024,
374,1055,In Transit,5/18/2024,9/13/2024
375,410,In Transit,12/24/2024,2/22/2024
376,797,Delivered,7/8/2024,2/12/2024
377,89,In Transit,3/29/2024,1/29/2025
378,295,Returned,12/1/2024,11/2/2024
379,886,Returned,7/12/2024,9/1/2024
380,1675,Returned,3/3/2024,3/24/2024
381,1716,In Transit,2/19/2024,6/17/2024
382,1543,Returned,10/24/2024,3/2/2024
383,373,Returned,12/31/2024,4/22/2024
384,505,In Transit,3/7/2024,8/29/2024
385,59,In Transit,5/11/2024,7/9/2024
386,1226,Delayed,11/13/2024,3/18/2024
387,1027,Delayed,8/7/2024,6/6/2024
388,1080,In Transit,9/21/2024,8/19/2024
389,868,Returned,1/18/2025,4/13/2024
390,1157,In Transit,6/28/2024,5/27/2024
391,529,Delivered,5/29/2024,2/23/2024
392,826,Delivered,10/21/2024,12/17/2024
393,1395,In Transit,1/1/2025,2/28/2024
394,970,Delayed,11/11/2024,7/17/2024
395,1275,Returned,9/29/2024,3/9/2024
396,479,Delayed,10/20/2024,6/5/2024
397,148,Returned,3/22/2024,8/21/2024
398,1050,Delivered,8/7/2024,4/13/2024
399,1291,Delivered,8/31/2024,9/4/2024
400,1311,Returned,5/26/2024,
401,1547,Delivered,11/6/2024,10/17/2024
402,515,In Transit,5/19/2024,7/6/2024
403,1921,In Transit,2/13/2024,2/9/2025
404,1425,Returned,11/19/2024,11/16/2024
405,1128,Delayed,5/31/2024,11/29/2024
406,163,Returned,12/26/2024,7/20/2024
407,1881,Delivered,11/3/2024,10/23/2024
408,1957,Delivered,1/29/2025,8/4/2024
409,1853,Delivered,10/15/2024,12/28/2024
410,556,In Transit,10/15/2024,1/12/2025
411,647,Returned,8/23/2024,6/23/2024
412,1839,Returned,4/16/2024,7/21/2024
413,1000,Returned,12/14/2024,7/28/2024
414,1489,Returned,3/13/2024,4/13/2024
415,917,Returned,2/5/2025,11/18/2024
416,1848,Returned,1/21/2025,11/10/2024
417,1062,Delayed,6/21/2024,7/20/2024
418,1433,Delivered,8/23/2024,12/12/2024
419,1540,In Transit,11/18/2024,5/26/2024
420,258,Returned,7/8/2024,2/28/2024
421,1742,Returned,8/26/2024,9/4/2024
422,1392,Delayed,12/13/2024,3/31/2024
423,1626,Delivered,4/3/2024,8/15/2024
424,1495,Delayed,12/23/2024,3/13/2024
425,1331,Delivered,11/21/2024,8/2/2024
426,1134,Delayed,5/28/2024,8/6/2024
427,174,Delayed,10/8/2024,12/15/2024
428,878,In Transit,12/7/2024,8/10/2024
429,561,Delivered,8/31/2024,1/14/2025
430,1199,Delivered,7/14/2024,9/26/2024
431,373,Returned,11/9/2024,11/1/2024
432,858,Delayed,4/8/2024,8/8/2024
433,313,In Transit,5/18/2024,
434,273,Delivered,12/24/2024,9/26/2024
435,117,Delivered,3/5/2024,3/9/2024
436,1922,Delivered,10/11/2024,3/26/2024
437,171,Delivered,11/3/2024,7/6/2024
438,1675,Delivered,3/7/2024,5/16/2024
439,955,Returned,6/1/2024,1/15/2025
440,311,Returned,6/3/2024,8/23/2024
441,1855,Delivered,7/15/2024,
442,1476,Returned,9/11/2024,2/26/2024
443,1765,In Transit,10/21/2024,
444,313,Delayed,1/3/2025,11/2/2024
445,825,Returned,8/8/2024,12/10/2024
446,1104,Returned,2/1/2025,6/4/2024
447,1267,Delivered,9/27/2024,3/26/2024
448,1701,In Transit,6/19/2024,10/29/2024
449,1075,Returned,1/3/2025,3/9/2024
450,77,Delayed,6/3/2024,1/30/2025
451,1559,Returned,3/23/2024,2/29/2024
452,1892,Delayed,8/19/2024,8/2/2024
453,233,Returned,4/18/2024,9/20/2024
454,1688,Delayed,11/20/2024,11/4/2024
455,484,Delivered,9/27/2024,7/25/2024
456,229,Delayed,10/28/2024,7/30/2024
457,151,Returned,4/11/2024,9/9/2024
458,1906,Delayed,8/5/2024,
459,627,In Transit,7/17/2024,11/19/2024
460,1066,Delivered,1/29/2025,10/16/2024
461,352,Delivered,1/23/2025,2/13/2024
462,1488,Returned,4/4/2024,9/7/2024
463,649,Delivered,6/28/2024,11/16/2024
464,1881,In Transit,11/3/2024,12/31/2024
465,1264,Delivered,3/13/2024,5/26/2024
466,312,In Transit,10/26/2024,4/9/2024
467,1192,Returned,1/20/2025,11/6/2024
468,1206,Delivered,11/20/2024,5/4/2024
469,69,Delivered,12/5/2024,5/23/2024
470,1661,Delayed,10/12/2024,6/27/2024
471,893,Returned,6/17/2024,4/9/2024
472,91,Delivered,12/2/2024,11/28/2024
473,1350,Delivered,9/4/2024,10/23/2024
474,311,In Transit,9/8/2024,10/2/2024
475,787,In Transit,7/26/2024,
476,777,Delivered,12/7/2024,3/7/2024
477,443,Returned,12/31/2024,10/22/2024
478,720,In Transit,10/17/2024,
479,1660,Delayed,5/4/2024,4/15/2024
480,634,In Transit,3/23/2024,1/13/2025
481,996,Returned,8/8/2024,2/1/2025
482,868,In Transit,10/19/2024,
483,972,Delayed,9/26/2024,9/8/2024
484,377,In Transit,6/6/2024,3/22/2024
485,664,Delivered,1/10/2025,
486,1017,Delayed,1/17/2025,
487,1163,Delayed,12/18/2024,3/17/2024
488,451,Delayed,10/5/2024,
489,473,Delivered,6/1/2024,11/24/2024
490,239,Delayed,3/22/2024,6/12/2024
491,651,In Transit,11/19/2024,11/22/2024
492,1029,Delayed,11/24/2024,11/28/2024
493,407,Delayed,12/27/2024,4/5/2024
494,887,In Transit,9/6/2024,
495,935,Returned,8/2/2024,9/28/2024
496,805,In Transit,11/22/2024,
497,1927,Delivered,12/14/2024,10/4/2024
498,155,In Transit,6/23/2024,8/2/2024
499,692,Delayed,10/5/2024,
500,607,Returned,6/24/2024,12/9/2024
501,269,Returned,10/3/2024,8/31/2024
502,1363,Delayed,3/26/2024,6/11/2024
503,404,In Transit,9/12/2024,3/20/2024
504,914,Delivered,7/30/2024,1/12/2025
505,1501,Delivered,5/18/2024,8/27/2024
506,1812,Delivered,2/22/2024,7/17/2024
507,357,Returned,4/24/2024,
508,1592,Delayed,11/19/2024,
509,126,Delayed,1/23/2025,2/26/2024
510,1870,Returned,9/26/2024,4/24/2024
511,569,Delayed,11/25/2024,7/20/2024
512,1220,In Transit,11/15/2024,4/5/2024
513,1825,Delivered,4/13/2024,10/1/2024
514,1051,Delivered,11/13/2024,1/23/2025
515,274,Delivered,9/24/2024,2/17/2024
516,873,Delayed,6/1/2024,3/5/2024
517,1440,Delivered,1/28/2025,
518,555,Delayed,6/18/2024,10/14/2024
519,1798,Returned,6/24/2024,1/7/2025
520,529,Delivered,2/11/2025,
521,753,Delayed,7/23/2024,8/12/2024
522,76,In Transit,10/16/2024,9/8/2024
523,1501,Delayed,10/5/2024,3/8/2024
524,819,Delayed,11/8/2024,7/24/2024
525,1342,Delivered,4/10/2024,
526,619,Returned,3/23/2024,7/27/2024
527,1317,Delayed,10/9/2024,12/19/2024
528,1909,Returned,9/28/2024,1/28/2025
529,785,Returned,7/8/2024,12/6/2024
530,718,Delivered,5/22/2024,10/21/2024
531,170,Delayed,5/5/2024,8/27/2024
532,1373,In Transit,8/5/2024,10/24/2024
533,1258,Returned,12/1/2024,1/1/2025
534,1301,Returned,7/23/2024,8/29/2024
535,1093,Delayed,1/18/2025,2/11/2025
536,1043,Delivered,7/19/2024,4/11/2024
537,774,Returned,3/19/2024,1/12/2025
538,1270,Delivered,7/7/2024,6/9/2024
539,520,In Transit,9/18/2024,10/14/2024
540,320,In Transit,8/16/2024,8/24/2024
541,941,In Transit,12/18/2024,12/27/2024
542,614,Delayed,1/15/2025,12/22/2024
543,827,Delayed,5/4/2024,3/23/2024
544,1688,Delivered,8/17/2024,
545,38,In Transit,2/19/2024,
546,247,Delivered,9/16/2024,10/30/2024
547,1534,In Transit,11/19/2024,
548,1268,Delivered,5/6/2024,1/1/2025
549,1438,Returned,5/26/2024,4/10/2024
550,879,Delayed,3/9/2024,5/11/2024
551,1677,Delayed,5/4/2024,7/11/2024
552,716,Delivered,8/5/2024,9/8/2024
553,541,In Transit,8/8/2024,4/14/2024
554,1065,Returned,5/3/2024,2/4/2025
555,1529,Delivered,2/16/2024,6/5/2024
556,1377,Returned,11/4/2024,4/1/2024
557,895,Delivered,2/7/2025,10/4/2024
558,557,Delivered,6/14/2024,12/23/2024
559,1254,Delivered,3/6/2024,7/7/2024
560,1760,Delayed,9/7/2024,10/11/2024
561,312,Delayed,1/11/2025,2/27/2024
562,412,Returned,8/30/2024,1/4/2025
563,415,In Transit,1/24/2025,5/22/2024
564,565,Delivered,12/25/2024,4/16/2024
565,1599,In Transit,8/16/2024,7/17/2024
566,1078,In Transit,6/20/2024,8/11/2024
567,505,Delayed,5/17/2024,12/10/2024
568,1487,Delivered,2/21/2024,8/10/2024
569,753,Returned,10/11/2024,3/9/2024
570,438,In Transit,4/19/2024,
571,245,Delayed,5/18/2024,5/9/2024
572,1708,Delivered,11/12/2024,3/16/2024
573,1920,In Transit,12/23/2024,4/19/2024
574,198,Delayed,11/23/2024,10/10/2024
575,1413,Delivered,6/18/2024,6/11/2024
576,121,Delivered,3/25/2024,10/18/2024
577,1957,Delivered,8/19/2024,12/17/2024
578,1163,Delayed,1/23/2025,12/23/2024
579,951,Returned,10/15/2024,4/19/2024
580,151,Delivered,12/24/2024,
581,398,Delayed,2/7/2025,8/17/2024
582,568,Returned,3/27/2024,5/6/2024
583,1370,In Transit,7/30/2024,12/21/2024
584,644,Delivered,8/25/2024,10/13/2024
585,1547,Delivered,8/15/2024,10/17/2024
586,1648,In Transit,1/2/2025,6/18/2024
587,1803,Delivered,8/21/2024,3/28/2024
588,1258,Delivered,9/8/2024,1/13/2025
589,97,Returned,12/17/2024,2/8/2025
590,244,Delivered,2/26/2024,11/16/2024
591,1801,Delayed,2/12/2024,1/12/2025
592,681,Returned,2/3/2025,10/8/2024
593,491,Delayed,3/11/2024,10/27/2024
594,940,In Transit,8/25/2024,12/17/2024
595,1986,Delayed,12/11/2024,9/7/2024
596,20,In Transit,5/10/2024,6/3/2024
597,1253,In Transit,3/20/2024,1/8/2025
598,1674,Returned,7/19/2024,12/20/2024
599,1002,In Transit,7/4/2024,12/3/2024
600,1554,Delayed,11/8/2024,10/12/2024
601,1986,In Transit,4/26/2024,3/8/2024
602,154,In Transit,2/2/2025,11/22/2024
603,1898,Delivered,9/6/2024,12/6/2024
604,572,In Transit,9/16/2024,5/31/2024
605,1474,Delivered,10/1/2024,7/5/2024
606,1902,Delayed,12/18/2024,2/15/2024
607,1725,Delayed,11/7/2024,5/10/2024
608,139,Returned,8/26/2024,11/18/2024
609,1322,Delivered,11/17/2024,3/29/2024
610,870,Delayed,2/2/2025,9/7/2024
611,437,Delivered,6/13/2024,6/25/2024
612,389,Delayed,9/18/2024,10/12/2024
613,896,Delayed,7/5/2024,4/24/2024
614,97,Returned,9/15/2024,2/14/2024
615,443,Returned,5/3/2024,6/11/2024
616,285,Returned,10/12/2024,10/22/2024
617,434,Returned,12/23/2024,5/12/2024
618,634,Returned,3/3/2024,1/19/2025
619,109,Delayed,3/1/2024,2/10/2025
620,780,In Transit,6/2/2024,7/15/2024
621,445,Delivered,6/12/2024,10/2/2024
622,877,Returned,11/29/2024,11/26/2024
623,1655,Delayed,11/14/2024,4/13/2024
624,1733,Delayed,2/4/2025,3/23/2024
625,1767,In Transit,7/26/2024,4/28/2024
626,903,Returned,2/29/2024,2/8/2025
627,1475,Returned,5/27/2024,6/1/2024
628,1295,Delivered,11/29/2024,3/21/2024
629,119,Returned,3/29/2024,11/30/2024
630,1575,Delivered,1/2/2025,6/27/2024
631,1944,In Transit,1/1/2025,12/4/2024
632,1175,In Transit,6/29/2024,3/9/2024
633,293,Delayed,3/5/2024,12/31/2024
634,835,Returned,7/19/2024,
635,470,Delivered,3/2/2024,
636,1000,Returned,1/2/2025,4/11/2024
637,353,Returned,6/22/2024,5/4/2024
638,926,Returned,10/1/2024,10/22/2024
639,515,In Transit,10/10/2024,5/22/2024
640,161,Returned,2/8/2025,12/23/2024
641,582,Delivered,8/8/2024,2/4/2025
642,328,Delivered,9/17/2024,5/29/2024
643,1464,Delayed,6/24/2024,5/18/2024
644,822,Delayed,8/19/2024,4/8/2024
645,409,In Transit,5/29/2024,9/23/2024
646,1581,Delayed,8/18/2024,12/3/2024
647,392,In Transit,1/1/2025,5/8/2024
648,1797,Delayed,10/11/2024,10/22/2024
649,747,Returned,6/25/2024,11/9/2024
650,1666,Delivered,11/10/2024,1/11/2025
651,219,Returned,6/10/2024,6/13/2024
652,1006,Returned,12/16/2024,1/27/2025
653,1542,In Transit,8/25/2024,7/21/2024
654,1559,In Transit,12/10/2024,2/14/2024
655,412,In Transit,5/5/2024,1/4/2025
656,695,Delayed,10/20/2024,1/3/2025
657,649,Delivered,1/6/2025,3/9/2024
658,516,Delayed,3/25/2024,5/7/2024
659,1868,Delayed,6/18/2024,11/30/2024
660,1013,Delayed,2/8/2025,9/25/2024
661,1211,Delayed,3/9/2024,5/26/2024
662,1887,Delayed,9/20/2024,8/11/2024
663,766,Delivered,1/25/2025,3/22/2024
664,1030,In Transit,11/2/2024,3/14/2024
665,1312,Delivered,6/25/2024,11/21/2024
666,955,Returned,5/13/2024,4/16/2024
667,770,Returned,1/18/2025,7/7/2024
668,268,Delayed,10/31/2024,12/3/2024
669,1089,Returned,8/13/2024,7/7/2024
670,132,In Transit,9/9/2024,3/21/2024
671,1903,Returned,11/7/2024,7/18/2024
672,192,Returned,12/18/2024,6/28/2024
673,12,Delayed,1/13/2025,3/23/2024
674,255,In Transit,3/13/2024,3/1/2024
675,1408,Delayed,8/26/2024,9/5/2024
676,405,Delayed,3/23/2024,6/1/2024
677,128,In Transit,11/10/2024,
678,1828,Returned,7/29/2024,8/6/2024
679,281,Delivered,6/22/2024,4/13/2024
680,232,Delayed,7/16/2024,11/28/2024
681,1329,Returned,4/1/2024,3/28/2024
682,642,Delayed,11/29/2024,8/7/2024
683,1756,Delayed,3/29/2024,9/7/2024
684,526,Returned,4/21/2024,1/8/2025
685,896,Delivered,9/24/2024,7/23/2024
686,1944,Returned,1/21/2025,12/20/2024
687,785,Delayed,9/22/2024,6/6/2024
688,1956,Delayed,6/22/2024,2/6/2025
689,403,Delayed,12/20/2024,1/20/2025
690,508,Delivered,1/19/2025,10/24/2024
691,196,Delivered,4/22/2024,4/9/2024
692,1957,In Transit,1/23/2025,10/1/2024
693,149,Delivered,1/8/2025,7/21/2024
694,1465,In Transit,11/28/2024,5/17/2024
695,99,Delayed,9/15/2024,10/28/2024
696,923,Delayed,1/15/2025,3/23/2024
697,1591,Returned,11/13/2024,
698,1060,Delayed,10/27/2024,7/21/2024
699,1328,Delivered,9/13/2024,3/5/2024
700,1170,Delivered,4/10/2024,6/6/2024
701,1420,In Transit,9/13/2024,8/1/2024
702,1633,Delivered,4/27/2024,5/22/2024
703,1470,Delayed,5/19/2024,11/7/2024
704,1428,Delivered,2/12/2024,12/13/2024
705,27,Delayed,5/19/2024,
706,1124,Delivered,4/1/2024,
707,184,Delivered,8/7/2024,11/4/2024
708,886,Delivered,9/30/2024,9/13/2024
709,732,Delivered,3/25/2024,6/1/2024
710,1596,Delayed,2/17/2024,4/25/2024
711,202,In Transit,12/15/2024,8/22/2024
712,297,Delayed,8/22/2024,11/5/2024
713,516,In Transit,5/16/2024,2/24/2024
714,75,Returned,11/23/2024,7/30/2024
715,48,Delayed,5/13/2024,7/28/2024
716,1749,Returned,12/16/2024,2/24/2024
717,1557,Returned,4/29/2024,7/1/2024
718,859,Delayed,1/25/2025,9/5/2024
719,395,Delayed,9/30/2024,
720,1925,Returned,5/24/2024,
721,480,Returned,9/29/2024,2/4/2025
722,53,Delivered,7/4/2024,2/23/2024
723,690,Returned,9/29/2024,11/24/2024
724,67,Delayed,8/2/2024,5/19/2024
725,275,Delivered,6/19/2024,5/28/2024
726,1317,Delivered,9/11/2024,
727,1100,In Transit,2/11/2025,12/25/2024
728,277,In Transit,2/19/2024,5/30/2024
729,433,Delayed,10/9/2024,1/30/2025
730,1097,Returned,11/20/2024,3/14/2024
731,1622,Delivered,10/10/2024,
732,1428,Delayed,7/28/2024,
733,486,Delivered,4/25/2024,10/19/2024
734,832,Returned,10/3/2024,1/2/2025
735,690,In Transit,1/25/2025,1/28/2025
736,1106,Delivered,9/29/2024,
737,1250,Delivered,8/16/2024,4/20/2024
738,1559,Delayed,8/1/2024,
739,775,Delayed,5/18/2024,12/3/2024
740,1511,Returned,6/26/2024,4/4/2024
741,1472,In Transit,5/12/2024,8/2/2024
742,575,In Transit,7/16/2024,
743,1469,Delivered,7/10/2024,2/15/2024
744,1240,Returned,6/4/2024,12/17/2024
745,1240,Delayed,6/14/2024,8/27/2024
746,1358,Delayed,3/6/2024,12/3/2024
747,745,Delivered,12/6/2024,12/31/2024
748,130,Returned,6/29/2024,5/14/2024
749,1744,Delivered,6/11/2024,11/26/2024
750,1825,Delivered,12/18/2024,11/29/2024
751,1147,In Transit,12/6/2024,12/2/2024
752,1202,Delayed,11/19/2024,5/31/2024
753,1027,Returned,7/8/2024,
754,653,Delivered,3/22/2024,8/13/2024
755,37,Delivered,11/2/2024,1/24/2025
756,1902,In Transit,11/27/2024,9/21/2024
757,1478,Returned,12/11/2024,2/18/2024
758,22,Delayed,10/31/2024,3/13/2024
759,1533,Delivered,4/14/2024,6/29/2024
760,190,Delivered,10/27/2024,12/7/2024
761,1765,Delivered,2/3/2025,9/2/2024
762,911,In Transit,8/22/2024,9/27/2024
763,1441,In Transit,11/11/2024,4/26/2024
764,732,Delivered,10/22/2024,5/23/2024
765,123,Returned,8/12/2024,3/3/2024
766,537,Delayed,6/24/2024,8/24/2024
767,274,In Transit,4/27/2024,
768,1771,Returned,11/14/2024,5/15/2024
769,1052,Returned,6/12/2024,2/28/2024
770,794,Delivered,12/25/2024,8/24/2024
771,637,In Transit,3/25/2024,6/1/2024
772,1275,Delayed,12/24/2024,4/10/2024
773,344,Delivered,4/30/2024,2/10/2025
774,528,Delivered,5/11/2024,8/5/2024
775,275,In Transit,5/31/2024,6/21/2024
776,465,Returned,7/12/2024,5/15/2024
777,1111,Delayed,1/21/2025,10/26/2024
778,1927,Delivered,5/11/2024,9/20/2024
779,756,Delayed,12/30/2024,6/9/2024
780,1899,Delivered,6/13/2024,
781,300,In Transit,7/3/2024,1/28/2025
782,152,In Transit,12/20/2024,10/23/2024
783,410,Delayed,5/25/2024,3/16/2024
784,817,Delivered,4/12/2024,5/26/2024
785,1903,Delayed,12/11/2024,4/12/2024
786,110,Returned,11/17/2024,2/16/2024
787,748,Returned,1/17/2025,10/31/2024
788,193,Delayed,12/30/2024,2/18/2024
789,1517,In Transit,10/20/2024,1/13/2025
790,1820,In Transit,5/3/2024,
791,1652,In Transit,5/9/2024,8/7/2024
792,1703,In Transit,5/26/2024,12/13/2024
793,1510,Delayed,1/11/2025,9/22/2024
794,1874,Delayed,6/23/2024,9/9/2024
795,1789,Returned,3/15/2024,12/14/2024
796,328,Delivered,7/27/2024,4/24/2024
797,1121,Delayed,6/17/2024,2/29/2024
798,1640,Returned,9/28/2024,8/27/2024
799,161,In Transit,1/20/2025,1/18/2025
800,1080,In Transit,5/25/2024,9/25/2024
801,1384,Returned,7/24/2024,6/2/2024
802,640,In Transit,8/14/2024,1/28/2025
803,157,In Transit,10/4/2024,1/20/2025
804,851,Delivered,6/11/2024,8/11/2024
805,250,In Transit,1/30/2025,5/30/2024
806,1000,Returned,1/14/2025,
807,1582,Delivered,7/29/2024,11/2/2024
808,565,Delivered,7/16/2024,10/9/2024
809,397,Delayed,5/3/2024,9/26/2024
810,1444,In Transit,3/30/2024,10/15/2024
811,1880,Returned,9/15/2024,4/27/2024
812,916,Returned,10/13/2024,
813,1537,Delayed,3/14/2024,6/13/2024
814,794,In Transit,6/4/2024,2/11/2025
815,374,In Transit,9/10/2024,1/26/2025
816,139,Delivered,11/1/2024,6/9/2024
817,394,Returned,1/29/2025,10/20/2024
818,363,Returned,2/7/2025,9/4/2024
819,764,Returned,12/24/2024,5/24/2024
820,334,Delivered,10/14/2024,7/29/2024
821,1951,Delivered,1/31/2025,5/10/2024
822,1665,Delivered,6/14/2024,8/25/2024
823,1837,In Transit,11/26/2024,3/29/2024
824,1603,Delivered,12/4/2024,10/20/2024
825,207,Delayed,4/19/2024,5/31/2024
826,1773,Delivered,10/29/2024,6/11/2024
827,1459,Returned,2/15/2024,4/3/2024
828,129,Returned,5/3/2024,10/3/2024
829,1309,Delayed,10/31/2024,
830,1479,Returned,1/8/2025,12/16/2024
831,608,Delivered,9/8/2024,6/11/2024
832,1441,Returned,10/8/2024,8/26/2024
833,492,In Transit,2/18/2024,2/24/2024
834,1601,In Transit,1/31/2025,12/4/2024
835,1955,Returned,9/10/2024,9/23/2024
836,276,Returned,1/31/2025,10/22/2024
837,755,Delayed,2/26/2024,1/13/2025
838,1339,In Transit,12/4/2024,1/19/2025
839,738,In Transit,6/23/2024,
840,578,Delayed,4/22/2024,1/19/2025
841,465,Returned,6/3/2024,12/4/2024
842,994,Returned,6/22/2024,5/17/2024
843,1869,Delivered,5/21/2024,
844,1566,Delivered,11/2/2024,1/29/2025
845,827,Delivered,9/3/2024,8/25/2024
846,1456,Delivered,2/3/2025,10/11/2024
847,1300,In Transit,9/16/2024,6/28/2024
848,1278,Delayed,11/21/2024,9/21/2024
849,1145,Delivered,1/15/2025,1/31/2025
850,1329,Returned,3/21/2024,5/23/2024
851,445,In Transit,11/10/2024,10/5/2024
852,1657,In Transit,1/6/2025,8/27/2024
853,437,In Transit,12/16/2024,6/4/2024
854,1987,Returned,9/29/2024,11/11/2024
855,1664,In Transit,7/21/2024,1/4/2025
856,745,Delayed,10/16/2024,7/21/2024
857,369,Delivered,12/1/2024,
858,330,Delivered,12/3/2024,1/6/2025
859,931,Delivered,6/30/2024,4/12/2024
860,63,In Transit,2/14/2024,
861,1261,Returned,8/12/2024,12/7/2024
862,1198,Returned,5/19/2024,8/13/2024
863,1026,Delayed,5/19/2024,9/20/2024
864,1878,In Transit,8/28/2024,3/5/2024
865,1063,Returned,9/20/2024,7/14/2024
866,458,Delayed,4/25/2024,10/10/2024
867,202,Delivered,10/29/2024,5/1/2024
868,991,Returned,12/28/2024,4/3/2024
869,1916,Delayed,7/23/2024,10/22/2024
870,583,Delivered,2/1/2025,3/31/2024
871,102,Delivered,11/30/2024,4/12/2024
872,918,In Transit,10/23/2024,7/13/2024
873,308,In Transit,4/20/2024,9/3/2024
874,1310,In Transit,7/10/2024,
875,369,Returned,7/6/2024,6/4/2024
876,350,In Transit,11/29/2024,8/28/2024
877,1673,Delivered,11/25/2024,12/14/2024
878,869,Delivered,10/27/2024,6/14/2024
879,1122,Delayed,1/28/2025,11/11/2024
880,781,In Transit,6/12/2024,1/12/2025
881,1884,Delayed,5/1/2024,6/12/2024
882,887,Returned,5/23/2024,2/26/2024
883,1992,Delayed,11/17/2024,10/11/2024
884,815,Returned,3/28/2024,
885,1087,Delivered,12/14/2024,6/3/2024
886,513,Delivered,2/11/2025,12/22/2024
887,1838,Returned,4/19/2024,4/27/2024
888,818,Returned,8/4/2024,8/15/2024
889,353,Returned,7/12/2024,10/8/2024
890,1152,In Transit,9/14/2024,6/30/2024
891,1472,Delayed,4/9/2024,2/12/2024
892,254,Delayed,4/29/2024,2/17/2024
893,1765,Delivered,3/9/2024,2/1/2025
894,83,Delayed,5/30/2024,11/28/2024
895,1466,Delayed,7/8/2024,1/27/2025
896,1801,Returned,6/25/2024,5/20/2024
897,1632,In Transit,1/21/2025,7/17/2024
898,1508,Delivered,11/13/2024,1/28/2025
899,208,Returned,8/14/2024,4/23/2024
900,1087,Delivered,6/2/2024,
901,218,In Transit,8/9/2024,12/31/2024
902,227,Delayed,1/17/2025,12/20/2024
903,506,Delayed,7/10/2024,9/23/2024
904,1202,Delayed,9/13/2024,8/1/2024
905,1063,Returned,1/29/2025,3/28/2024
906,933,Delayed,3/2/2024,4/17/2024
907,75,Returned,11/21/2024,
908,84,Returned,5/20/2024,7/29/2024
909,587,Delivered,1/12/2025,4/28/2024
910,1481,Delayed,10/9/2024,7/19/2024
911,1237,In Transit,1/15/2025,5/30/2024
912,1025,Delayed,12/30/2024,3/12/2024
913,1249,Returned,2/29/2024,4/11/2024
914,1419,Returned,2/29/2024,8/9/2024
915,78,In Transit,11/13/2024,2/21/2024
916,490,Returned,7/19/2024,1/27/2025
917,1355,Delayed,9/13/2024,6/6/2024
918,1370,Returned,3/5/2024,8/31/2024
919,583,Returned,3/19/2024,9/30/2024
920,1420,Delivered,7/3/2024,8/24/2024
921,1999,Returned,3/5/2024,
922,1178,In Transit,8/7/2024,12/28/2024
923,1652,Delayed,2/5/2025,9/1/2024
924,1889,Returned,7/29/2024,5/18/2024
925,1221,In Transit,2/29/2024,7/26/2024
926,1070,In Transit,8/29/2024,
927,19,In Transit,2/3/2025,7/23/2024
928,1446,Returned,2/17/2024,9/30/2024
929,1311,Delayed,4/29/2024,4/8/2024
930,1348,Delayed,4/5/2024,2/8/2025
931,368,Returned,2/1/2025,3/18/2024
932,29,Returned,4/13/2024,10/4/2024
933,1256,In Transit,7/31/2024,10/26/2024
934,1298,Delivered,7/24/2024,3/5/2024
935,1376,Returned,5/12/2024,11/29/2024
936,625,In Transit,5/20/2024,4/29/2024
937,488,Delayed,9/11/2024,3/25/2024
938,1835,Delayed,5/3/2024,2/3/2025
939,1551,In Transit,1/31/2025,7/12/2024
940,1076,Returned,10/11/2024,6/25/2024
941,1281,In Transit,11/3/2024,10/8/2024
942,1999,In Transit,3/27/2024,4/1/2024
943,319,In Transit,1/14/2025,3/15/2024
944,1362,Delivered,6/5/2024,9/16/2024
945,812,Delayed,9/15/2024,6/20/2024
946,1105,Returned,7/27/2024,3/5/2024
947,1560,Delivered,8/8/2024,12/27/2024
948,224,Returned,5/30/2024,6/17/2024
949,1404,Delayed,11/11/2024,8/29/2024
950,1869,Delayed,4/3/2024,3/27/2024
951,983,Delayed,3/18/2024,7/8/2024
952,365,In Transit,9/29/2024,5/29/2024
953,1867,Delivered,4/9/2024,
954,1681,Delivered,10/9/2024,12/30/2024
955,367,Returned,6/2/2024,2/11/2025
956,675,Delayed,10/3/2024,7/31/2024
957,237,Delivered,8/6/2024,2/23/2024
958,328,Delayed,9/2/2024,
959,1860,Delivered,8/5/2024,8/5/2024
960,333,Delivered,2/1/2025,7/29/2024
961,420,Delayed,11/21/2024,12/6/2024
962,552,In Transit,1/31/2025,12/14/2024
963,701,Delayed,6/16/2024,8/18/2024
964,349,Delayed,4/7/2024,4/25/2024
965,1450,Returned,5/2/2024,10/5/2024
966,1396,Returned,1/5/2025,9/9/2024
967,1377,Delivered,10/28/2024,4/30/2024
968,182,Returned,4/18/2024,1/7/2025
969,1881,Delivered,6/28/2024,4/24/2024
970,1078,Returned,3/7/2024,3/11/2024
971,544,Delivered,6/12/2024,4/11/2024
972,293,Delivered,2/5/2025,8/22/2024
973,672,Delivered,11/15/2024,8/23/2024
974,684,Returned,5/16/2024,3/21/2024
975,1331,In Transit,11/21/2024,3/8/2024
976,1449,Delivered,2/22/2024,11/30/2024
977,1891,Delayed,2/15/2024,9/19/2024
978,751,Delayed,6/24/2024,9/24/2024
979,1442,Returned,12/5/2024,10/6/2024
980,502,Delayed,6/6/2024,6/16/2024
981,436,Delivered,11/23/2024,1/17/2025
982,1935,Returned,9/13/2024,8/8/2024
983,472,In Transit,5/14/2024,5/27/2024
984,952,Returned,9/11/2024,2/26/2024
985,1634,In Transit,5/19/2024,6/25/2024
986,1929,In Transit,11/17/2024,12/25/2024
987,347,Delayed,9/30/2024,7/1/2024
988,1171,Delivered,2/22/2024,
989,1027,Returned,8/2/2024,9/24/2024
990,1615,Delivered,12/14/2024,8/9/2024
991,1379,In Transit,3/25/2024,9/22/2024
992,623,Returned,4/17/2024,5/25/2024
993,1837,Returned,2/24/2024,12/13/2024
994,1194,Returned,9/8/2024,11/28/2024
995,697,In Transit,9/25/2024,6/10/2024
996,803,Returned,7/19/2024,1/20/2025
997,1659,Returned,5/16/2024,
998,213,Delayed,12/29/2024,6/14/2024
999,1315,Returned,6/22/2024,12/11/2024
1000,971,Delivered,7/2/2024,5/31/2024
1001,942,Delayed,6/25/2024,2/24/2024
1002,117,Delayed,8/30/2024,8/20/2024
1003,126,Returned,5/27/2024,3/5/2024
1004,1490,Returned,6/21/2024,4/21/2024
1005,1072,Returned,2/14/2024,4/7/2024
1006,31,Returned,2/22/2024,5/25/2024
1007,895,In Transit,12/28/2024,2/19/2024
1008,899,Delayed,12/6/2024,8/26/2024
1009,950,In Transit,11/23/2024,7/13/2024
1010,534,Delivered,10/7/2024,3/23/2024
1011,366,Delayed,2/24/2024,2/29/2024
1012,487,In Transit,8/22/2024,3/23/2024
1013,676,Delivered,2/14/2024,7/14/2024
1014,1345,In Transit,2/3/2025,10/22/2024
1015,234,Returned,5/6/2024,6/28/2024
1016,797,Delivered,12/14/2024,4/11/2024
1017,452,In Transit,11/18/2024,6/24/2024
1018,1786,Delayed,5/25/2024,11/4/2024
1019,1046,Delivered,11/24/2024,4/14/2024
1020,1983,In Transit,4/19/2024,11/9/2024
1021,1194,In Transit,12/15/2024,6/24/2024
1022,442,In Transit,8/29/2024,5/25/2024
1023,1413,In Transit,9/21/2024,4/23/2024
1024,1335,Delayed,2/20/2024,4/28/2024
1025,442,In Transit,1/8/2025,9/12/2024
1026,1249,Delayed,7/15/2024,8/26/2024
1027,1407,In Transit,8/21/2024,4/2/2024
1028,630,Delivered,12/16/2024,1/8/2025
1029,1058,Returned,11/24/2024,
1030,8,Delayed,8/19/2024,
1031,260,Delivered,7/11/2024,2/24/2024
1032,1918,Delivered,9/24/2024,6/16/2024
1033,445,In Transit,5/9/2024,6/9/2024
1034,173,Returned,12/9/2024,1/26/2025
1035,417,Delayed,4/12/2024,10/16/2024
1036,618,Returned,9/21/2024,2/29/2024
1037,1951,Returned,8/8/2024,9/6/2024
1038,972,Delayed,9/9/2024,5/7/2024
1039,235,Returned,3/11/2024,1/16/2025
1040,536,Delayed,8/2/2024,12/29/2024
1041,1660,Returned,4/3/2024,5/12/2024
1042,1223,Delayed,12/15/2024,1/17/2025
1043,1767,Delayed,10/30/2024,9/12/2024
1044,1177,Returned,11/8/2024,10/5/2024
1045,1024,In Transit,6/30/2024,7/27/2024
1046,1593,Delivered,2/21/2024,8/28/2024
1047,406,In Transit,2/9/2025,4/15/2024
1048,1923,Delivered,12/17/2024,11/30/2024
1049,44,Delivered,10/14/2024,12/5/2024
1050,403,Returned,11/14/2024,1/13/2025
1051,820,In Transit,5/24/2024,10/15/2024
1052,1665,Delivered,2/29/2024,
1053,669,Returned,9/13/2024,8/4/2024
1054,826,In Transit,10/23/2024,1/10/2025
1055,1190,Returned,8/21/2024,1/10/2025
1056,1044,Returned,5/28/2024,
1057,1173,Delayed,12/15/2024,2/7/2025
1058,372,Returned,11/15/2024,1/15/2025
1059,147,Delayed,8/27/2024,8/20/2024
1060,1738,Returned,1/14/2025,12/14/2024
1061,980,In Transit,11/25/2024,12/30/2024
1062,782,Returned,12/13/2024,2/13/2024
1063,1310,Delayed,6/5/2024,11/29/2024
1064,1191,In Transit,11/16/2024,5/14/2024
1065,1242,Delivered,6/19/2024,8/31/2024
1066,895,Delayed,6/29/2024,
1067,843,Delivered,7/14/2024,11/17/2024
1068,248,Delayed,4/19/2024,3/20/2024
1069,1812,In Transit,2/29/2024,7/27/2024
1070,933,Returned,11/7/2024,11/7/2024
1071,990,Delivered,7/9/2024,8/28/2024
1072,1683,Delayed,11/2/2024,9/29/2024
1073,308,Delayed,2/12/2024,
1074,1737,In Transit,6/16/2024,11/18/2024
1075,65,In Transit,11/29/2024,6/11/2024
1076,1832,Delayed,8/8/2024,11/27/2024
1077,1177,In Transit,1/1/2025,6/16/2024
1078,1678,Returned,6/9/2024,9/8/2024
1079,583,Delayed,3/30/2024,1/21/2025
1080,497,Returned,1/21/2025,12/21/2024
1081,152,Returned,4/19/2024,2/21/2024
1082,629,Delivered,2/10/2025,2/13/2024
1083,1420,Returned,3/31/2024,7/18/2024
1084,1441,Delayed,6/21/2024,10/30/2024
1085,1841,Delayed,12/25/2024,8/25/2024
1086,765,Delivered,7/21/2024,12/10/2024
1087,1797,Delivered,8/28/2024,7/14/2024
1088,1620,Delivered,5/29/2024,8/26/2024
1089,803,Delayed,11/22/2024,4/22/2024
1090,1009,Returned,5/15/2024,6/22/2024
1091,393,Delivered,11/2/2024,8/10/2024
1092,475,Returned,1/30/2025,2/17/2024
1093,682,Delayed,5/13/2024,1/4/2025
1094,663,Returned,1/9/2025,9/24/2024
1095,1138,Delivered,5/23/2024,9/20/2024
1096,1529,Delayed,1/31/2025,11/15/2024
1097,608,Delayed,10/30/2024,8/22/2024
1098,1295,Delivered,5/20/2024,
1099,1981,Delayed,5/27/2024,12/6/2024
1100,1643,Returned,6/5/2024,8/19/2024
1101,121,Returned,2/7/2025,
1102,1254,Delivered,4/5/2024,
1103,1273,Returned,9/18/2024,9/10/2024
1104,1465,In Transit,3/6/2024,8/16/2024
1105,23,Returned,8/3/2024,2/23/2024
1106,400,Delayed,12/28/2024,7/8/2024
1107,968,Delayed,7/5/2024,5/19/2024
1108,803,Delayed,4/10/2024,11/16/2024
1109,454,Delivered,3/16/2024,4/14/2024
1110,58,Delivered,4/19/2024,10/6/2024
1111,1801,Delivered,3/29/2024,7/28/2024
1112,225,In Transit,7/24/2024,7/25/2024
1113,1231,Returned,1/1/2025,1/6/2025
1114,1196,In Transit,11/22/2024,
1115,1646,Returned,11/27/2024,8/6/2024
1116,921,Delayed,3/30/2024,12/11/2024
1117,759,Delivered,9/27/2024,7/1/2024
1118,740,Delayed,12/29/2024,11/10/2024
1119,1997,Returned,5/7/2024,6/9/2024
1120,1372,Delivered,11/14/2024,7/27/2024
1121,258,In Transit,4/10/2024,10/10/2024
1122,715,Returned,9/29/2024,4/9/2024
1123,1665,In Transit,10/14/2024,5/2/2024
1124,1415,Delayed,8/31/2024,8/22/2024
1125,36,Delayed,11/16/2024,5/22/2024
1126,1503,In Transit,5/27/2024,2/15/2024
1127,299,In Transit,2/26/2024,11/18/2024
1128,978,Returned,11/12/2024,1/3/2025
1129,206,Delivered,1/31/2025,5/17/2024
1130,207,Delayed,4/28/2024,3/4/2024
1131,858,Returned,6/30/2024,8/2/2024
1132,503,In Transit,6/10/2024,4/4/2024
1133,1393,Returned,10/7/2024,12/18/2024
1134,1388,Delayed,10/17/2024,8/6/2024
1135,1128,In Transit,5/16/2024,9/10/2024
1136,819,In Transit,11/4/2024,9/7/2024
1137,906,In Transit,5/3/2024,11/14/2024
1138,1188,Delivered,1/24/2025,5/21/2024
1139,832,Delayed,5/14/2024,10/21/2024
1140,1003,In Transit,7/26/2024,3/31/2024
1141,1421,Delivered,3/17/2024,6/22/2024
1142,400,Returned,9/30/2024,2/8/2025
1143,513,Delivered,8/8/2024,3/28/2024
1144,638,Delivered,4/15/2024,7/28/2024
1145,1508,In Transit,10/16/2024,8/28/2024
1146,926,Returned,10/23/2024,5/3/2024
1147,170,Returned,7/25/2024,1/10/2025
1148,907,Returned,4/27/2024,8/24/2024
1149,1891,In Transit,10/23/2024,8/30/2024
1150,562,Returned,8/9/2024,11/14/2024
1151,1946,Delayed,4/4/2024,4/15/2024
1152,529,Delivered,9/3/2024,5/28/2024
1153,661,In Transit,6/19/2024,9/9/2024
1154,1920,Delivered,10/6/2024,9/9/2024
1155,1589,Returned,1/7/2025,3/21/2024
1156,1628,Returned,7/29/2024,
1157,849,Returned,5/24/2024,2/3/2025
1158,1401,Returned,8/8/2024,9/19/2024
1159,1200,Delayed,12/14/2024,9/12/2024
1160,616,Returned,4/5/2024,9/29/2024
1161,788,Delayed,1/23/2025,5/13/2024
1162,1856,Delayed,5/24/2024,1/7/2025
1163,625,Delayed,4/12/2024,3/10/2024
1164,967,In Transit,3/8/2024,10/5/2024
1165,474,In Transit,6/30/2024,
1166,271,In Transit,1/1/2025,4/8/2024
1167,1628,In Transit,5/7/2024,12/13/2024
1168,529,In Transit,11/22/2024,
1169,1841,Returned,11/3/2024,
1170,1746,Delivered,8/28/2024,4/21/2024
1171,403,Returned,11/24/2024,2/24/2024
1172,527,Delayed,4/18/2024,7/22/2024
1173,379,Delayed,9/28/2024,2/2/2025
1174,25,In Transit,12/2/2024,6/1/2024
1175,840,Returned,7/17/2024,2/25/2024
1176,23,In Transit,6/27/2024,1/25/2025
1177,719,Delivered,5/14/2024,5/5/2024
1178,846,Delayed,6/22/2024,10/17/2024
1179,6,Delayed,4/1/2024,12/4/2024
1180,929,In Transit,12/9/2024,6/23/2024
1181,1158,Delayed,5/5/2024,2/16/2024
1182,968,In Transit,5/13/2024,10/11/2024
1183,1765,In Transit,7/22/2024,
1184,1508,Returned,3/13/2024,5/31/2024
1185,1648,In Transit,12/7/2024,1/14/2025
1186,1031,Returned,1/5/2025,
1187,50,Delivered,7/27/2024,4/3/2024
1188,1584,Delayed,10/29/2024,2/25/2024
1189,395,Delayed,3/7/2024,
1190,203,In Transit,11/30/2024,9/23/2024
1191,1239,Returned,4/17/2024,7/19/2024
1192,332,Delivered,10/25/2024,1/15/2025
1193,1900,Delayed,1/5/2025,1/22/2025
1194,302,Returned,3/23/2024,9/2/2024
1195,1694,Delivered,4/24/2024,7/26/2024
1196,319,Delayed,11/28/2024,11/12/2024
1197,1350,In Transit,5/12/2024,3/14/2024
1198,230,Returned,2/2/2025,7/21/2024
1199,639,In Transit,10/3/2024,9/30/2024
1200,1733,In Transit,5/12/2024,4/13/2024
1201,465,Returned,10/5/2024,11/12/2024
1202,1645,Delayed,10/11/2024,7/8/2024
1203,1241,In Transit,3/28/2024,
1204,1648,Delayed,8/26/2024,11/1/2024
1205,179,Delivered,8/20/2024,3/30/2024
1206,202,Delayed,9/15/2024,8/17/2024
1207,1195,In Transit,9/10/2024,10/12/2024
1208,452,In Transit,8/2/2024,8/25/2024
1209,140,In Transit,10/10/2024,
1210,606,Returned,8/7/2024,6/10/2024
1211,1400,In Transit,7/6/2024,10/28/2024
1212,1314,Returned,6/19/2024,1/23/2025
1213,1579,Returned,9/16/2024,8/31/2024
1214,1112,Delivered,7/30/2024,1/16/2025
1215,596,Delayed,11/5/2024,3/11/2024
1216,133,In Transit,8/3/2024,9/11/2024
1217,590,In Transit,5/31/2024,3/13/2024
1218,308,Returned,1/23/2025,4/16/2024
1219,1898,Delayed,3/12/2024,11/19/2024
1220,64,In Transit,6/6/2024,1/13/2025
1221,1973,Delayed,5/26/2024,6/14/2024
1222,377,In Transit,8/24/2024,3/3/2024
1223,893,Returned,11/6/2024,10/7/2024
1224,1549,Delivered,12/4/2024,3/25/2024
1225,734,Returned,5/12/2024,1/1/2025
1226,909,In Transit,7/12/2024,11/23/2024
1227,1262,Delivered,1/9/2025,3/12/2024
1228,560,Returned,2/17/2024,11/8/2024
1229,272,Delayed,11/30/2024,5/10/2024
1230,1407,Returned,2/14/2024,3/10/2024
1231,1055,In Transit,9/15/2024,9/9/2024
1232,1142,Returned,6/16/2024,
1233,1883,In Transit,2/3/2025,3/21/2024
1234,491,Delivered,2/6/2025,10/22/2024
1235,645,Delivered,2/24/2024,9/4/2024
1236,1420,Delayed,9/15/2024,1/25/2025
1237,180,Returned,9/18/2024,
1238,1148,In Transit,6/18/2024,8/23/2024
1239,78,Returned,10/31/2024,1/22/2025
1240,1611,In Transit,8/30/2024,1/7/2025
1241,402,Delivered,9/18/2024,5/15/2024
1242,619,In Transit,5/30/2024,12/8/2024
1243,41,Returned,5/15/2024,7/31/2024
1244,1735,Delayed,4/4/2024,9/4/2024
1245,1646,Returned,3/18/2024,1/31/2025
1246,1590,In Transit,4/10/2024,10/17/2024
1247,190,In Transit,2/20/2024,3/3/2024
1248,487,In Transit,4/16/2024,11/18/2024
1249,23,Returned,3/4/2024,7/10/2024
1250,1623,Delivered,4/21/2024,
1251,891,Returned,4/6/2024,5/30/2024
1252,1060,Returned,1/16/2025,9/9/2024
1253,588,In Transit,10/27/2024,6/30/2024
1254,1707,In Transit,9/25/2024,6/6/2024
1255,1207,Returned,8/7/2024,12/4/2024
1256,1458,In Transit,1/28/2025,4/11/2024
1257,1596,In Transit,1/4/2025,11/15/2024
1258,1737,Returned,3/22/2024,7/29/2024
1259,422,In Transit,4/3/2024,7/28/2024
1260,1755,Returned,3/27/2024,7/14/2024
1261,724,Returned,10/6/2024,12/30/2024
1262,1399,Returned,4/29/2024,4/6/2024
1263,627,Delayed,6/22/2024,
1264,810,Delivered,2/7/2025,2/3/2025
1265,927,Returned,4/6/2024,9/30/2024
1266,757,Delayed,4/1/2024,6/27/2024
1267,1020,Delivered,7/18/2024,2/4/2025
1268,278,Returned,2/20/2024,7/26/2024
1269,314,Delayed,5/31/2024,6/10/2024
1270,1651,Returned,4/21/2024,2/21/2024
1271,1726,Returned,5/22/2024,9/28/2024
1272,1725,Returned,1/28/2025,11/24/2024
1273,1826,In Transit,7/22/2024,6/16/2024
1274,315,In Transit,4/7/2024,4/14/2024
1275,1040,Delayed,4/11/2024,1/19/2025
1276,345,Returned,5/20/2024,6/21/2024
1277,582,Returned,4/7/2024,11/9/2024
1278,484,In Transit,8/17/2024,7/12/2024
1279,1557,Returned,10/22/2024,
1280,1255,Delivered,11/9/2024,12/22/2024
1281,1961,Delayed,7/21/2024,5/30/2024
1282,1823,Returned,2/10/2025,2/20/2024
1283,1271,In Transit,2/8/2025,1/31/2025
1284,593,In Transit,2/24/2024,9/13/2024
1285,4,In Transit,2/8/2025,10/7/2024
1286,20,In Transit,9/28/2024,9/26/2024
1287,1794,Delayed,12/20/2024,5/19/2024
1288,1113,Delivered,11/7/2024,2/18/2024
1289,1440,Delivered,6/24/2024,11/9/2024
1290,353,Delayed,12/2/2024,6/9/2024
1291,1749,Delivered,8/6/2024,12/30/2024
1292,1038,Returned,12/11/2024,1/4/2025
1293,1485,Returned,12/27/2024,9/30/2024
1294,1280,Delivered,2/18/2024,6/27/2024
1295,1632,In Transit,9/16/2024,7/31/2024
1296,1076,In Transit,11/16/2024,12/14/2024
1297,182,Delivered,5/4/2024,
1298,989,Delivered,1/20/2025,4/21/2024
1299,350,In Transit,8/24/2024,7/13/2024
1300,443,Delayed,5/5/2024,3/12/2024
1301,1896,Delayed,4/26/2024,3/30/2024
1302,1157,In Transit,2/23/2024,3/15/2024
1303,1446,Returned,4/12/2024,
1304,1979,Delivered,6/12/2024,3/12/2024
1305,401,Returned,7/20/2024,6/27/2024
1306,1932,In Transit,6/1/2024,3/25/2024
1307,721,Delayed,3/2/2024,10/6/2024
1308,814,In Transit,4/12/2024,1/10/2025
1309,1205,Delivered,6/9/2024,1/11/2025
1310,365,Delivered,10/30/2024,4/10/2024
1311,1584,Delayed,12/22/2024,3/3/2024
1312,1393,In Transit,3/26/2024,12/6/2024
1313,1235,In Transit,7/26/2024,3/12/2024
1314,283,Delivered,8/15/2024,2/19/2024
1315,502,Returned,3/23/2024,10/27/2024
1316,1766,Returned,6/8/2024,8/24/2024
1317,1705,In Transit,9/9/2024,2/11/2025
1318,1537,Delayed,6/6/2024,3/4/2024
1319,687,Returned,6/19/2024,4/14/2024
1320,1366,Delayed,12/4/2024,
1321,995,Delivered,10/10/2024,6/2/2024
1322,1931,Delayed,1/23/2025,6/17/2024
1323,128,Returned,8/2/2024,3/11/2024
1324,1002,Delivered,12/14/2024,8/27/2024
1325,1,Returned,2/8/2025,3/9/2024
1326,405,In Transit,5/1/2024,2/9/2025
1327,239,Delayed,5/31/2024,11/11/2024
1328,1952,Delivered,5/25/2024,1/17/2025
1329,746,Delayed,12/2/2024,12/2/2024
1330,1835,Returned,12/20/2024,4/21/2024
1331,1211,Delivered,3/21/2024,10/8/2024
1332,1706,In Transit,12/26/2024,3/29/2024
1333,1831,Delivered,9/2/2024,3/21/2024
1334,1802,In Transit,9/19/2024,
1335,246,Delivered,4/20/2024,4/6/2024
1336,256,In Transit,7/8/2024,3/20/2024
1337,42,In Transit,3/15/2024,10/16/2024
1338,143,Returned,1/7/2025,9/26/2024
1339,294,Delayed,7/3/2024,11/18/2024
1340,725,Returned,11/15/2024,10/18/2024
1341,104,In Transit,11/4/2024,1/18/2025
1342,1845,Delayed,11/23/2024,11/30/2024
1343,1645,In Transit,10/8/2024,4/19/2024
1344,918,In Transit,6/20/2024,10/22/2024
1345,910,Delayed,7/6/2024,5/19/2024
1346,1060,Returned,1/17/2025,3/9/2024
1347,1356,Returned,9/6/2024,1/6/2025
1348,78,Delayed,7/17/2024,
1349,1638,Delivered,4/11/2024,4/5/2024
1350,337,Delayed,5/9/2024,5/23/2024
1351,701,Delayed,4/26/2024,6/4/2024
1352,95,Delivered,2/19/2024,1/7/2025
1353,1018,Delivered,4/8/2024,3/23/2024
1354,939,In Transit,6/26/2024,8/14/2024
1355,233,Delivered,4/9/2024,3/5/2024
1356,1399,Delayed,4/11/2024,12/25/2024
1357,252,Returned,5/28/2024,2/27/2024
1358,1441,Delayed,10/29/2024,10/8/2024
1359,1033,Returned,9/9/2024,1/21/2025
1360,1463,Delayed,12/20/2024,5/18/2024
1361,237,Delayed,6/24/2024,5/16/2024
1362,1609,Delivered,1/15/2025,
1363,382,Delivered,2/13/2024,1/27/2025
1364,431,Returned,10/8/2024,10/10/2024
1365,11,Returned,11/14/2024,7/1/2024
1366,1897,In Transit,3/25/2024,6/12/2024
1367,1611,Delayed,2/19/2024,
1368,1999,Delayed,10/24/2024,12/29/2024
1369,1689,Returned,7/23/2024,8/16/2024
1370,1654,Delivered,9/25/2024,7/24/2024
1371,285,Returned,6/8/2024,
1372,1049,Delivered,10/18/2024,
1373,350,In Transit,9/21/2024,5/1/2024
1374,304,Returned,7/26/2024,1/17/2025
1375,1021,Delayed,11/10/2024,6/17/2024
1376,915,Returned,10/15/2024,11/29/2024
1377,533,In Transit,2/17/2024,5/15/2024
1378,31,Returned,9/8/2024,8/19/2024
1379,866,In Transit,4/26/2024,9/17/2024
1380,681,Returned,11/14/2024,10/9/2024
1381,1037,Returned,4/11/2024,7/3/2024
1382,1080,Delayed,3/13/2024,12/17/2024
1383,863,Delayed,10/30/2024,7/29/2024
1384,253,Delayed,12/31/2024,11/12/2024
1385,1202,Delayed,8/11/2024,9/26/2024
1386,684,Returned,4/18/2024,12/30/2024
1387,942,Delayed,5/31/2024,8/27/2024
1388,1164,Delayed,5/17/2024,10/15/2024
1389,1341,Returned,3/14/2024,2/28/2024
1390,142,Returned,5/1/2024,8/14/2024
1391,133,Returned,1/5/2025,11/1/2024
1392,1059,Returned,4/11/2024,5/8/2024
1393,1346,In Transit,12/3/2024,12/27/2024
1394,1990,Returned,1/24/2025,6/23/2024
1395,566,Returned,10/10/2024,12/15/2024
1396,323,In Transit,8/18/2024,6/19/2024
1397,931,Delivered,1/2/2025,10/9/2024
1398,1680,Delayed,11/7/2024,5/13/2024
1399,1009,In Transit,4/9/2024,8/17/2024
1400,1436,Delayed,11/11/2024,1/10/2025
1401,789,Delayed,12/6/2024,6/30/2024
1402,1560,Delayed,5/4/2024,6/9/2024
1403,161,Delayed,6/4/2024,11/1/2024
1404,751,Delayed,9/5/2024,2/19/2024
1405,166,Returned,1/31/2025,2/12/2024
1406,1397,In Transit,4/30/2024,8/25/2024
1407,1270,Returned,11/23/2024,6/24/2024
1408,1333,In Transit,11/1/2024,12/5/2024
1409,421,Delivered,11/23/2024,1/20/2025
1410,1593,Returned,10/3/2024,5/28/2024
1411,1560,Delivered,2/1/2025,5/5/2024
1412,19,In Transit,9/11/2024,3/22/2024
1413,392,Delivered,6/19/2024,5/31/2024
1414,1812,Returned,1/17/2025,2/6/2025
1415,1414,In Transit,1/17/2025,
1416,12,In Transit,2/15/2024,5/17/2024
1417,1650,Returned,1/15/2025,
1418,1719,In Transit,5/1/2024,1/10/2025
1419,1781,Returned,4/22/2024,11/21/2024
1420,261,Delayed,1/24/2025,
1421,373,Delayed,8/21/2024,7/16/2024
1422,1527,Returned,1/1/2025,10/30/2024
1423,565,Returned,9/24/2024,6/8/2024
1424,1601,Delayed,11/10/2024,6/11/2024
1425,392,In Transit,11/30/2024,5/18/2024
1426,595,Delayed,1/12/2025,12/26/2024
1427,1003,Delayed,10/10/2024,4/8/2024
1428,466,Delayed,11/6/2024,7/15/2024
1429,462,Delivered,5/30/2024,3/12/2024
1430,1157,Delayed,6/29/2024,3/12/2024
1431,747,Delivered,12/17/2024,5/14/2024
1432,1070,Delivered,7/13/2024,7/26/2024
1433,1498,In Transit,3/13/2024,1/6/2025
1434,891,Delivered,12/2/2024,8/13/2024
1435,1289,Delivered,1/24/2025,6/16/2024
1436,964,Returned,8/22/2024,1/20/2025
1437,1917,Returned,10/28/2024,5/31/2024
1438,1467,In Transit,7/22/2024,10/4/2024
1439,1002,Delivered,11/30/2024,1/24/2025
1440,97,In Transit,1/27/2025,9/19/2024
1441,1110,Returned,9/12/2024,
1442,862,Delayed,8/21/2024,5/25/2024
1443,1746,In Transit,3/3/2024,1/1/2025
1444,1675,Delivered,1/1/2025,1/3/2025
1445,84,Returned,7/27/2024,4/28/2024
1446,605,Delayed,2/19/2024,3/29/2024
1447,806,Delayed,2/24/2024,
1448,1567,Returned,4/30/2024,10/9/2024
1449,1501,In Transit,7/20/2024,1/4/2025
1450,1098,Delayed,7/11/2024,2/7/2025
1451,1638,Delayed,6/18/2024,4/12/2024
1452,591,Delayed,6/6/2024,10/4/2024
1453,228,Delivered,2/27/2024,7/15/2024
1454,1653,Delivered,9/30/2024,12/11/2024
1455,654,Delivered,6/17/2024,8/3/2024
1456,1345,Delivered,8/28/2024,1/6/2025
1457,331,In Transit,4/3/2024,
1458,189,Delayed,11/21/2024,10/14/2024
1459,847,In Transit,7/18/2024,4/2/2024
1460,1235,Delayed,11/7/2024,8/9/2024
1461,1736,In Transit,12/21/2024,7/1/2024
1462,282,In Transit,7/1/2024,11/26/2024
1463,1959,Delivered,6/19/2024,6/18/2024
1464,129,In Transit,5/19/2024,3/28/2024
1465,293,In Transit,12/4/2024,7/23/2024
1466,522,Delivered,5/4/2024,1/29/2025
1467,1443,In Transit,12/19/2024,8/18/2024
1468,1232,Delayed,5/5/2024,12/7/2024
1469,294,Delivered,11/10/2024,4/20/2024
1470,707,Delayed,3/28/2024,7/17/2024
1471,464,Delayed,10/8/2024,8/28/2024
1472,812,In Transit,8/20/2024,5/3/2024
1473,887,Returned,3/9/2024,5/11/2024
1474,313,Delivered,4/5/2024,12/19/2024
1475,1951,Returned,4/14/2024,12/16/2024
1476,406,Delayed,3/22/2024,
1477,1702,Delayed,12/29/2024,8/25/2024
1478,1678,Delivered,1/24/2025,12/4/2024
1479,175,In Transit,10/4/2024,7/18/2024
1480,267,Delivered,6/19/2024,2/16/2024
1481,1055,Returned,4/17/2024,10/31/2024
1482,1141,In Transit,4/4/2024,8/19/2024
1483,1877,Returned,6/6/2024,8/10/2024
1484,137,In Transit,10/8/2024,12/21/2024
1485,1490,Delivered,11/30/2024,1/5/2025
1486,1489,Returned,11/30/2024,5/19/2024
1487,1120,Returned,4/5/2024,6/10/2024
1488,1270,Delayed,6/2/2024,11/9/2024
1489,1480,Delivered,12/29/2024,6/7/2024
1490,9,In Transit,10/17/2024,
1491,1584,Delivered,1/19/2025,7/24/2024
1492,623,Delayed,11/24/2024,1/12/2025
1493,1810,Returned,9/7/2024,3/13/2024
1494,198,Delayed,9/11/2024,2/18/2024
1495,771,Returned,3/22/2024,7/2/2024
1496,1062,Delayed,6/1/2024,12/16/2024
1497,887,Delayed,5/11/2024,1/21/2025
1498,1790,Delivered,6/23/2024,6/24/2024
1499,1359,Delivered,4/18/2024,10/23/2024
1500,1798,Returned,6/10/2024,7/22/2024
1501,1892,Returned,12/22/2024,7/12/2024
1502,1843,Delivered,5/30/2024,11/10/2024
1503,1852,Delayed,8/1/2024,4/8/2024
1504,510,Delayed,4/3/2024,3/29/2024
1505,783,In Transit,7/25/2024,11/1/2024
1506,1515,Returned,7/31/2024,1/5/2025
1507,1994,Delayed,10/30/2024,1/19/2025
1508,199,Delayed,12/18/2024,3/4/2024
1509,1657,Delivered,3/30/2024,7/6/2024
1510,979,Delayed,10/16/2024,5/13/2024
1511,630,Delivered,2/19/2024,10/2/2024
1512,1276,In Transit,8/18/2024,10/19/2024
1513,1606,Returned,12/30/2024,4/1/2024
1514,1468,In Transit,5/14/2024,1/30/2025
1515,1392,Delayed,6/15/2024,5/2/2024
1516,49,Returned,4/21/2024,7/19/2024
1517,558,In Transit,5/28/2024,4/2/2024
1518,306,In Transit,6/15/2024,9/15/2024
1519,174,Delivered,11/26/2024,9/13/2024
1520,1843,Delayed,1/15/2025,12/10/2024
1521,1776,Returned,3/16/2024,4/6/2024
1522,924,Returned,7/14/2024,5/29/2024
1523,1831,Returned,6/20/2024,11/14/2024
1524,1339,Delivered,7/18/2024,12/3/2024
1525,1349,Delayed,4/11/2024,9/12/2024
1526,527,In Transit,5/22/2024,1/14/2025
1527,1846,Delivered,11/23/2024,12/3/2024
1528,116,Returned,12/23/2024,
1529,586,Returned,7/10/2024,7/7/2024
1530,1891,In Transit,9/6/2024,1/18/2025
1531,805,Delivered,2/13/2024,7/11/2024
1532,1193,In Transit,2/24/2024,3/29/2024
1533,921,In Transit,4/5/2024,7/29/2024
1534,1229,Delivered,4/10/2024,8/6/2024
1535,959,Returned,1/15/2025,10/23/2024
1536,768,Returned,5/31/2024,11/22/2024
1537,1988,Returned,10/16/2024,7/9/2024
1538,1873,Returned,7/25/2024,
1539,507,Delivered,11/10/2024,8/19/2024
1540,1828,Returned,5/7/2024,8/1/2024
1541,445,Returned,5/30/2024,4/10/2024
1542,169,Delayed,5/28/2024,11/26/2024
1543,1511,Returned,8/28/2024,7/20/2024
1544,780,In Transit,10/9/2024,5/29/2024
1545,823,Delayed,6/19/2024,6/9/2024
1546,363,Delayed,11/28/2024,
1547,642,Delayed,5/2/2024,12/2/2024
1548,143,Delayed,3/21/2024,10/3/2024
1549,1434,In Transit,2/9/2025,3/9/2024
1550,1611,In Transit,5/13/2024,6/30/2024
1551,361,Delivered,4/22/2024,6/20/2024
1552,1253,In Transit,10/4/2024,10/1/2024
1553,1492,Returned,1/3/2025,
1554,1543,Delayed,10/7/2024,11/16/2024
1555,456,In Transit,11/8/2024,4/26/2024
1556,1954,Delayed,4/8/2024,11/14/2024
1557,770,Returned,7/16/2024,
1558,1642,Delayed,7/12/2024,3/6/2024
1559,1645,In Transit,1/18/2025,4/22/2024
1560,1569,Delayed,7/27/2024,1/9/2025
1561,947,Returned,8/17/2024,9/29/2024
1562,786,Delayed,6/12/2024,
1563,501,In Transit,4/13/2024,9/22/2024
1564,1194,Delayed,3/6/2024,10/4/2024
1565,1548,In Transit,5/11/2024,2/6/2025
1566,1227,Delivered,9/20/2024,2/16/2024
1567,1165,Delayed,11/16/2024,7/26/2024
1568,529,Returned,7/14/2024,5/30/2024
1569,6,Delivered,2/17/2024,7/18/2024
1570,1671,In Transit,10/8/2024,7/5/2024
1571,280,Delayed,10/19/2024,11/26/2024
1572,1476,In Transit,9/23/2024,9/23/2024
1573,1872,Delayed,1/14/2025,9/23/2024
1574,383,Returned,10/29/2024,7/20/2024
1575,964,In Transit,12/10/2024,
1576,1050,Returned,1/10/2025,11/27/2024
1577,1684,Delayed,12/30/2024,9/17/2024
1578,1417,Delayed,2/23/2024,6/24/2024
1579,510,Delayed,3/7/2024,9/20/2024
1580,687,Returned,4/19/2024,2/20/2024
1581,616,Delayed,5/3/2024,11/30/2024
1582,424,Delivered,8/8/2024,11/21/2024
1583,1962,Delayed,4/6/2024,1/18/2025
1584,105,Delivered,9/15/2024,7/13/2024
1585,1648,Returned,9/15/2024,11/17/2024
1586,1141,Delayed,11/10/2024,9/19/2024
1587,428,Delayed,10/13/2024,10/19/2024
1588,669,In Transit,11/29/2024,9/12/2024
1589,929,Delayed,12/6/2024,3/16/2024
1590,1769,Delayed,5/24/2024,11/12/2024
1591,156,In Transit,12/1/2024,12/2/2024
1592,1193,Delivered,5/22/2024,
1593,1321,Delayed,6/16/2024,10/20/2024
1594,1350,Delivered,11/8/2024,2/2/2025
1595,307,In Transit,11/26/2024,1/13/2025
1596,490,Delayed,1/10/2025,3/16/2024
1597,342,Delayed,2/27/2024,5/18/2024
1598,29,Delayed,7/30/2024,12/22/2024
1599,1462,Returned,12/28/2024,5/22/2024
1600,221,Delivered,1/27/2025,12/5/2024
1601,1469,Returned,6/2/2024,10/30/2024
1602,31,Delayed,3/24/2024,7/18/2024
1603,1136,Delayed,12/24/2024,12/13/2024
1604,1727,Delayed,8/24/2024,10/1/2024
1605,745,Delivered,1/5/2025,6/3/2024
1606,777,Returned,8/9/2024,12/7/2024
1607,1165,Delivered,2/29/2024,
1608,1806,Delayed,8/22/2024,8/22/2024
1609,1919,In Transit,11/23/2024,5/7/2024
1610,355,Delivered,1/2/2025,11/2/2024
1611,571,Delivered,9/5/2024,10/13/2024
1612,920,Delayed,7/20/2024,1/17/2025
1613,634,Delivered,9/20/2024,5/19/2024
1614,1314,Delivered,9/3/2024,7/19/2024
1615,1340,In Transit,6/5/2024,7/8/2024
1616,427,Delayed,6/13/2024,7/18/2024
1617,731,Returned,10/7/2024,3/12/2024
1618,15,Delayed,4/24/2024,2/11/2025
1619,1900,Delayed,6/14/2024,4/17/2024
1620,62,Returned,4/27/2024,
1621,334,Delayed,12/20/2024,6/27/2024
1622,949,Returned,6/12/2024,2/7/2025
1623,1609,Delivered,4/11/2024,2/2/2025
1624,860,Returned,1/21/2025,9/8/2024
1625,493,Returned,6/19/2024,6/30/2024
1626,1212,Delivered,6/15/2024,4/12/2024
1627,823,Delayed,3/11/2024,3/3/2024
1628,1180,Delivered,8/18/2024,7/4/2024
1629,1416,In Transit,3/27/2024,1/12/2025
1630,1007,In Transit,4/29/2024,2/3/2025
1631,68,Delayed,5/9/2024,2/7/2025
1632,105,In Transit,3/26/2024,10/15/2024
1633,389,Delayed,12/7/2024,3/6/2024
1634,1356,Delayed,3/13/2024,
1635,1772,Returned,5/7/2024,11/19/2024
1636,1037,Delayed,12/30/2024,1/30/2025
1637,206,In Transit,12/28/2024,12/2/2024
1638,670,Delivered,9/15/2024,
1639,1062,Delivered,3/4/2024,9/25/2024
1640,838,In Transit,6/28/2024,
1641,483,Returned,5/4/2024,7/13/2024
1642,1571,In Transit,5/11/2024,12/7/2024
1643,1424,Delivered,7/10/2024,8/17/2024
1644,1690,Delayed,9/8/2024,8/27/2024
1645,1912,In Transit,5/13/2024,
1646,1208,Delayed,11/8/2024,8/24/2024
1647,80,Delivered,5/24/2024,6/30/2024
1648,81,In Transit,9/15/2024,2/12/2024
1649,1660,In Transit,6/3/2024,7/23/2024
1650,729,Returned,1/9/2025,6/5/2024
1651,1417,In Transit,2/26/2024,7/19/2024
1652,567,Delayed,1/3/2025,11/7/2024
1653,1689,Delayed,10/12/2024,4/5/2024
1654,1317,Delivered,5/20/2024,
1655,379,In Transit,10/12/2024,
1656,820,Delivered,1/5/2025,
1657,1293,In Transit,7/30/2024,4/21/2024
1658,1719,Delayed,1/26/2025,2/4/2025
1659,124,Delivered,3/11/2024,1/20/2025
1660,1799,In Transit,1/8/2025,10/15/2024
1661,820,Delivered,10/24/2024,11/27/2024
1662,27,Returned,12/18/2024,8/15/2024
1663,420,Delivered,2/1/2025,8/29/2024
1664,709,Delivered,4/17/2024,12/20/2024
1665,851,Delivered,3/2/2024,11/2/2024
1666,936,Delivered,1/29/2025,8/27/2024
1667,1756,In Transit,5/30/2024,10/18/2024
1668,526,Returned,3/24/2024,1/26/2025
1669,820,In Transit,1/4/2025,12/22/2024
1670,1525,Delayed,8/11/2024,11/29/2024
1671,1357,In Transit,1/30/2025,3/11/2024
1672,852,Delivered,12/30/2024,3/20/2024
1673,47,Delayed,12/23/2024,2/3/2025
1674,651,Delayed,9/2/2024,
1675,1937,Delayed,7/5/2024,2/15/2024
1676,214,Delivered,2/7/2025,10/27/2024
1677,1569,Returned,10/11/2024,4/23/2024
1678,1463,In Transit,11/11/2024,7/6/2024
1679,1093,Returned,10/20/2024,2/9/2025
1680,1009,Returned,11/24/2024,10/17/2024
1681,756,Returned,9/27/2024,11/30/2024
1682,660,Returned,7/13/2024,
1683,1528,Returned,11/29/2024,12/22/2024
1684,963,Delayed,7/28/2024,9/9/2024
1685,573,In Transit,12/6/2024,4/3/2024
1686,79,Delayed,3/31/2024,3/17/2024
1687,1551,Returned,12/28/2024,10/30/2024
1688,779,In Transit,10/16/2024,1/20/2025
1689,383,Returned,12/17/2024,
1690,1519,Returned,4/1/2024,6/14/2024
1691,1556,Delivered,3/2/2024,2/21/2024
1692,854,Returned,11/8/2024,6/17/2024
1693,1621,Delayed,9/30/2024,6/12/2024
1694,90,Delivered,5/10/2024,1/18/2025
1695,1664,Delivered,5/5/2024,12/26/2024
1696,1382,Delivered,10/9/2024,3/8/2024
1697,210,In Transit,6/23/2024,9/27/2024
1698,144,Returned,6/20/2024,4/19/2024
1699,415,Returned,1/2/2025,
1700,943,Delayed,10/13/2024,5/1/2024
1701,1847,Delayed,11/11/2024,10/14/2024
1702,390,Returned,4/25/2024,2/19/2024
1703,645,Delayed,12/23/2024,
1704,836,In Transit,8/29/2024,6/12/2024
1705,1993,Returned,10/4/2024,7/12/2024
1706,1883,In Transit,1/29/2025,
1707,1272,Delayed,2/27/2024,12/12/2024
1708,830,Delivered,8/23/2024,2/4/2025
1709,1790,Delayed,12/12/2024,3/6/2024
1710,335,Returned,1/8/2025,2/16/2024
1711,1116,Returned,3/25/2024,
1712,1086,Delivered,12/20/2024,11/23/2024
1713,1470,Delivered,3/21/2024,8/15/2024
1714,408,In Transit,10/10/2024,3/24/2024
1715,1977,Delivered,3/15/2024,7/11/2024
1716,1626,In Transit,9/19/2024,6/3/2024
1717,853,Delivered,5/23/2024,4/23/2024
1718,123,Returned,4/30/2024,8/6/2024
1719,1082,Delivered,4/23/2024,7/29/2024
1720,1529,Returned,12/25/2024,1/21/2025
1721,1355,Returned,9/12/2024,
1722,1588,Returned,3/9/2024,
1723,19,Returned,3/13/2024,1/30/2025
1724,1380,Returned,1/22/2025,3/19/2024
1725,652,Delayed,2/1/2025,5/24/2024
1726,294,Delayed,6/23/2024,11/13/2024
1727,961,Returned,4/28/2024,
1728,723,Returned,9/16/2024,6/7/2024
1729,826,Returned,12/21/2024,6/26/2024
1730,401,Delivered,3/20/2024,
1731,1223,Delayed,4/1/2024,8/22/2024
1732,1759,Delayed,3/8/2024,11/3/2024
1733,1860,Delayed,8/3/2024,4/10/2024
1734,1711,Delayed,8/2/2024,9/12/2024
1735,965,Delayed,2/14/2024,9/13/2024
1736,1717,Returned,10/16/2024,3/16/2024
1737,1273,Delayed,4/6/2024,11/23/2024
1738,1002,In Transit,8/1/2024,3/4/2024
1739,1305,Delayed,1/9/2025,12/24/2024
1740,309,Returned,9/2/2024,12/27/2024
1741,1729,In Transit,3/7/2024,
1742,1929,Delayed,2/16/2024,6/6/2024
1743,277,Returned,12/19/2024,3/16/2024
1744,1100,Delivered,10/24/2024,5/5/2024
1745,283,Delayed,8/26/2024,10/25/2024
1746,1274,Returned,10/29/2024,4/16/2024
1747,457,Delivered,9/29/2024,2/9/2025
1748,198,In Transit,11/6/2024,5/14/2024
1749,1200,In Transit,4/14/2024,12/24/2024
1750,872,Delivered,8/22/2024,4/17/2024
1751,1066,Delivered,11/2/2024,12/29/2024
1752,1136,Delayed,9/2/2024,
1753,640,In Transit,6/10/2024,10/25/2024
1754,1923,Returned,10/19/2024,2/22/2024
1755,460,In Transit,7/28/2024,11/10/2024
1756,1534,In Transit,12/11/2024,2/29/2024
1757,1205,Delayed,11/13/2024,9/21/2024
1758,846,Returned,2/24/2024,2/27/2024
1759,630,In Transit,1/21/2025,
1760,419,Returned,5/3/2024,4/27/2024
1761,1504,Delivered,7/17/2024,2/29/2024
1762,1485,Returned,11/2/2024,5/2/2024
1763,48,Delayed,8/6/2024,12/5/2024
1764,1602,In Transit,2/29/2024,10/13/2024
1765,538,Delivered,9/30/2024,5/3/2024
1766,1275,In Transit,4/7/2024,
1767,119,Delivered,11/26/2024,7/22/2024
1768,393,In Transit,8/2/2024,6/22/2024
1769,274,Delivered,5/18/2024,4/7/2024
1770,1515,Delivered,12/18/2024,9/29/2024
1771,1384,In Transit,7/24/2024,
1772,1427,In Transit,10/26/2024,4/28/2024
1773,1391,Returned,12/8/2024,1/11/2025
1774,742,Delayed,7/1/2024,8/23/2024
1775,1544,Returned,1/15/2025,5/20/2024
1776,1815,Delayed,4/3/2024,12/9/2024
1777,1029,Delivered,4/20/2024,6/7/2024
1778,1327,Returned,7/26/2024,11/16/2024
1779,795,Delivered,2/15/2024,3/25/2024
1780,59,Delivered,10/2/2024,7/17/2024
1781,126,Delivered,11/24/2024,12/7/2024
1782,1333,Delayed,10/8/2024,4/6/2024
1783,1232,In Transit,11/28/2024,1/5/2025
1784,195,Delivered,4/7/2024,
1785,1956,In Transit,9/12/2024,4/29/2024
1786,631,In Transit,11/13/2024,
1787,809,Returned,10/29/2024,1/31/2025
1788,1281,In Transit,7/15/2024,5/25/2024
1789,1011,Delayed,3/16/2024,2/6/2025
1790,1230,Returned,1/26/2025,
1791,861,In Transit,1/22/2025,3/18/2024
1792,452,Delivered,8/10/2024,12/12/2024
1793,196,Delivered,2/9/2025,3/7/2024
1794,1132,Delivered,7/13/2024,5/27/2024
1795,314,Returned,9/15/2024,1/14/2025
1796,821,Returned,12/6/2024,10/19/2024
1797,1683,Delivered,3/8/2024,7/11/2024
1798,326,Returned,6/26/2024,3/24/2024
1799,395,Delayed,12/2/2024,9/19/2024
1800,1562,Returned,7/23/2024,4/23/2024
1801,1068,Delayed,5/2/2024,2/6/2025
1802,188,In Transit,3/9/2024,3/16/2024
1803,729,Delivered,7/28/2024,12/4/2024
1804,845,Delayed,10/8/2024,
1805,1410,Returned,6/11/2024,9/27/2024
1806,259,Delayed,12/21/2024,8/18/2024
1807,724,Returned,11/30/2024,3/9/2024
1808,1221,Delayed,7/7/2024,7/27/2024
1809,1055,Delivered,2/11/2025,8/4/2024
1810,1994,Returned,10/21/2024,
1811,1650,Delayed,2/7/2025,8/13/2024
1812,1531,Delayed,6/20/2024,3/18/2024
1813,1113,Returned,9/29/2024,3/28/2024
1814,1646,Delivered,6/16/2024,5/16/2024
1815,682,Returned,8/1/2024,3/19/2024
1816,1937,Delivered,3/31/2024,4/11/2024
1817,974,Delayed,6/7/2024,2/25/2024
1818,229,In Transit,12/3/2024,11/9/2024
1819,321,Delayed,7/18/2024,12/28/2024
1820,343,In Transit,1/18/2025,3/3/2024
1821,989,Delivered,2/8/2025,2/26/2024
1822,1609,In Transit,10/11/2024,
1823,1904,Returned,12/29/2024,7/25/2024
1824,1291,Delivered,6/27/2024,6/11/2024
1825,1384,Delayed,11/16/2024,8/4/2024
1826,509,Delayed,1/28/2025,12/21/2024
1827,144,Delayed,7/4/2024,6/6/2024
1828,1918,Delivered,3/15/2024,9/7/2024
1829,397,In Transit,8/13/2024,11/21/2024
1830,1119,Delivered,7/17/2024,11/17/2024
1831,321,Delayed,10/11/2024,7/16/2024
1832,1772,In Transit,11/6/2024,6/11/2024
1833,318,Delayed,10/18/2024,
1834,1279,Delayed,10/13/2024,3/19/2024
1835,61,In Transit,12/17/2024,2/18/2024
1836,1024,In Transit,11/19/2024,6/26/2024
1837,1395,Delivered,3/21/2024,7/18/2024
1838,1463,Returned,5/23/2024,9/12/2024
1839,1330,Delivered,4/1/2024,2/4/2025
1840,152,Returned,6/27/2024,1/4/2025
1841,1205,Delayed,2/3/2025,4/2/2024
1842,1331,Delivered,2/24/2024,3/4/2024
1843,1764,In Transit,8/8/2024,1/27/2025
1844,1869,Delivered,4/30/2024,4/15/2024
1845,758,In Transit,11/18/2024,9/12/2024
1846,617,Delayed,1/9/2025,11/26/2024
1847,762,Returned,12/23/2024,10/20/2024
1848,1486,Delayed,8/13/2024,
1849,1830,Delayed,7/20/2024,3/23/2024
1850,448,Delivered,8/4/2024,3/2/2024
1851,1859,Delayed,1/12/2025,8/17/2024
1852,611,In Transit,8/25/2024,4/17/2024
1853,1658,In Transit,8/31/2024,11/1/2024
1854,589,Delivered,11/24/2024,12/26/2024
1855,1974,Delivered,1/23/2025,6/12/2024
1856,1492,In Transit,2/18/2024,6/1/2024
1857,1631,Delivered,11/25/2024,6/9/2024
1858,400,Delivered,11/3/2024,7/12/2024
1859,835,In Transit,12/19/2024,2/23/2024
1860,196,Returned,4/13/2024,12/17/2024
1861,730,In Transit,11/8/2024,
1862,933,Delayed,2/18/2024,9/4/2024
1863,1748,Delivered,6/28/2024,9/10/2024
1864,1527,Delayed,9/23/2024,9/24/2024
1865,631,Delayed,8/16/2024,9/15/2024
1866,1134,In Transit,5/17/2024,6/29/2024
1867,711,In Transit,3/9/2024,12/2/2024
1868,556,Returned,10/23/2024,10/29/2024
1869,630,Delivered,7/23/2024,4/27/2024
1870,1250,Delayed,10/5/2024,4/8/2024
1871,529,Returned,2/1/2025,11/15/2024
1872,1726,Delivered,10/9/2024,4/3/2024
1873,353,Delayed,8/24/2024,9/9/2024
1874,1571,Delivered,10/20/2024,3/6/2024
1875,247,Delayed,8/22/2024,6/1/2024
1876,1753,Delivered,11/27/2024,1/11/2025
1877,654,In Transit,10/22/2024,12/26/2024
1878,1481,Delayed,1/21/2025,
1879,792,Returned,12/29/2024,
1880,1183,Delivered,6/10/2024,7/2/2024
1881,344,Delayed,11/24/2024,11/24/2024
1882,1458,Returned,1/12/2025,
1883,1145,Returned,4/24/2024,6/3/2024
1884,1872,Delivered,8/18/2024,11/20/2024
1885,965,Delayed,1/29/2025,7/21/2024
1886,1946,Returned,9/3/2024,
1887,1433,Delivered,5/4/2024,9/3/2024
1888,1971,Delivered,12/24/2024,7/23/2024
1889,405,In Transit,3/11/2024,9/17/2024
1890,1762,Returned,5/24/2024,1/7/2025
1891,163,Delayed,6/6/2024,9/17/2024
1892,487,Returned,11/1/2024,6/30/2024
1893,1892,Delayed,4/5/2024,3/23/2024
1894,1474,In Transit,11/24/2024,4/18/2024
1895,413,In Transit,1/12/2025,3/14/2024
1896,1413,Delayed,8/25/2024,6/28/2024
1897,1414,In Transit,10/9/2024,11/8/2024
1898,835,Delivered,12/6/2024,4/23/2024
1899,1889,In Transit,7/9/2024,3/6/2024
1900,1553,In Transit,2/7/2025,3/22/2024
1901,714,Delayed,9/26/2024,9/6/2024
1902,1679,Returned,4/4/2024,8/23/2024
1903,1776,Delivered,1/11/2025,11/19/2024
1904,551,Returned,7/9/2024,1/27/2025
1905,166,In Transit,5/24/2024,5/1/2024
1906,815,Delivered,3/4/2024,7/10/2024
1907,427,Delivered,1/25/2025,12/21/2024
1908,86,In Transit,3/24/2024,11/6/2024
1909,1091,Delayed,9/30/2024,7/2/2024
1910,1380,Returned,3/3/2024,12/9/2024
1911,1481,Delivered,11/5/2024,7/2/2024
1912,262,Delivered,2/9/2025,1/15/2025
1913,1161,Returned,8/4/2024,5/21/2024
1914,286,In Transit,11/3/2024,
1915,1895,Delayed,6/9/2024,8/23/2024
1916,1524,Delivered,3/2/2024,
1917,1249,In Transit,1/2/2025,
1918,146,In Transit,1/16/2025,12/17/2024
1919,1351,Delayed,7/28/2024,5/27/2024
1920,1985,Delivered,2/27/2024,
1921,1525,In Transit,6/22/2024,1/30/2025
1922,1890,Delivered,5/27/2024,11/15/2024
1923,508,Returned,4/23/2024,8/5/2024
1924,1062,Delayed,5/15/2024,5/6/2024
1925,1622,In Transit,10/7/2024,3/23/2024
1926,786,Delayed,7/30/2024,11/27/2024
1927,107,Delayed,3/22/2024,4/30/2024
1928,1769,Returned,8/28/2024,2/29/2024
1929,1345,Returned,5/11/2024,12/29/2024
1930,1146,Delayed,2/1/2025,7/20/2024
1931,1205,In Transit,12/11/2024,11/30/2024
1932,1630,Delayed,9/13/2024,3/18/2024
1933,854,Returned,10/1/2024,
1934,750,In Transit,4/5/2024,5/16/2024
1935,349,Delivered,4/20/2024,
1936,1042,Delayed,9/25/2024,3/10/2024
1937,1445,Delivered,8/31/2024,4/6/2024
1938,1331,Returned,6/28/2024,7/2/2024
1939,851,Returned,8/31/2024,11/15/2024
1940,179,Delivered,11/3/2024,4/4/2024
1941,1514,Returned,8/18/2024,3/25/2024
1942,788,Delayed,7/21/2024,2/23/2024
1943,1853,Delivered,11/10/2024,10/8/2024
1944,1537,Delivered,6/21/2024,8/4/2024
1945,546,Delivered,12/23/2024,7/2/2024
1946,144,Delivered,2/25/2024,
1947,1159,Returned,2/1/2025,2/5/2025
1948,718,Delivered,5/6/2024,10/24/2024
1949,817,Returned,6/21/2024,3/30/2024
1950,1649,In Transit,10/5/2024,12/6/2024
1951,1764,In Transit,12/22/2024,7/2/2024
1952,1296,Returned,7/5/2024,3/5/2024
1953,1462,Delivered,4/10/2024,10/31/2024
1954,837,In Transit,8/18/2024,9/6/2024
1955,1704,Delayed,4/6/2024,8/18/2024
1956,1533,Delivered,12/22/2024,10/2/2024
1957,359,Delivered,11/1/2024,2/5/2025
1958,1097,Delivered,3/26/2024,7/14/2024
1959,1478,Returned,10/21/2024,10/29/2024
1960,1881,Delivered,7/8/2024,3/2/2024
1961,675,Delayed,12/20/2024,11/1/2024
1962,921,Delayed,8/14/2024,5/25/2024
1963,1015,Delayed,3/20/2024,11/16/2024
1964,1878,Returned,12/20/2024,6/30/2024
1965,686,Delayed,12/13/2024,6/30/2024
1966,1554,Returned,4/12/2024,3/12/2024
1967,1445,In Transit,8/19/2024,9/4/2024
1968,1533,Returned,7/26/2024,9/20/2024
1969,820,Returned,4/13/2024,2/2/2025
1970,471,Returned,9/28/2024,2/26/2024
1971,537,Delivered,3/4/2024,3/27/2024
1972,198,Delivered,3/12/2024,6/22/2024
1973,1243,In Transit,5/16/2024,4/8/2024
1974,449,In Transit,3/20/2024,9/11/2024
1975,530,Returned,5/25/2024,9/18/2024
1976,81,In Transit,10/3/2024,10/17/2024
1977,650,Delayed,3/13/2024,12/2/2024
1978,1400,Returned,5/4/2024,7/11/2024
1979,1075,In Transit,6/22/2024,4/16/2024
1980,1265,Returned,5/19/2024,1/23/2025
1981,316,Delayed,11/10/2024,
1982,1693,Delayed,1/31/2025,
1983,1507,Delayed,10/29/2024,6/18/2024
1984,1931,Delivered,4/26/2024,
1985,52,In Transit,4/21/2024,2/14/2024
1986,1700,Returned,5/7/2024,
1987,27,Returned,12/4/2024,10/31/2024
1988,762,In Transit,7/26/2024,8/17/2024
1989,1331,In Transit,4/8/2024,8/31/2024
1990,849,In Transit,4/3/2024,11/30/2024
1991,1223,In Transit,6/5/2024,2/26/2024
1992,826,Delayed,6/24/2024,5/21/2024
1993,1679,Delivered,2/24/2024,8/22/2024
1994,69,Delayed,10/10/2024,12/12/2024
1995,1093,In Transit,4/19/2024,1/2/2025
1996,1763,Delayed,10/24/2024,10/15/2024
1997,325,Returned,9/29/2024,8/2/2024
1998,1265,In Transit,7/30/2024,1/20/2025
1999,1059,In Transit,8/26/2024,9/10/2024
2000,1815,Returned,8/4/2024,
